ISO-10303-21;
HEADER;
FILE_DESCRIPTION(('FreeCAD Model'),'2;1');
FILE_NAME('Open CASCADE Shape Model','2026-08-04T17:10:18',('Author'),(
    ''),'Open CASCADE STEP processor 7.8','FreeCAD','Unknown');
FILE_SCHEMA(('AUTOMOTIVE_DESIGN { 1 0 10303 214 1 1 1 1 }'));
ENDSEC;
DATA;
#1 = APPLICATION_PROTOCOL_DEFINITION('international standard',
  'automotive_design',2000,#2);
#2 = APPLICATION_CONTEXT(
  'core data for automotive mechanical design processes');
#3 = SHAPE_DEFINITION_REPRESENTATION(#4,#10);
#4 = PRODUCT_DEFINITION_SHAPE('','',#5);
#5 = PRODUCT_DEFINITION('design','',#6,#9);
#6 = PRODUCT_DEFINITION_FORMATION('','',#7);
#7 = PRODUCT('upper','upper','',(#8));
#8 = PRODUCT_CONTEXT('',#2,'mechanical');
#9 = PRODUCT_DEFINITION_CONTEXT('part definition',#2,'design');
#10 = ADVANCED_BREP_SHAPE_REPRESENTATION('',(#11,#15),#5142);
#11 = AXIS2_PLACEMENT_3D('',#12,#13,#14);
#12 = CARTESIAN_POINT('',(0.,0.,0.));
#13 = DIRECTION('',(0.,0.,1.));
#14 = DIRECTION('',(1.,0.,-0.));
#15 = MANIFOLD_SOLID_BREP('',#16);
#16 = CLOSED_SHELL('',(#17,#738,#814,#838,#864,#906,#936,#955,#972,#1051
    ,#1075,#1099,#1171,#1243,#1267,#1291,#1356,#1387,#1411,#1435,#1452,
    #1483,#1507,#1531,#1555,#1579,#1596,#1627,#1651,#1675,#1699,#1723,
    #1747,#1771,#1795,#1819,#1843,#1860,#1891,#1915,#1939,#1963,#1987,
    #2011,#2035,#2059,#2076,#2107,#2131,#2155,#2179,#2203,#2220,#2251,
    #2275,#2299,#2323,#2347,#2371,#2395,#2419,#2436,#2467,#2491,#2515,
    #2539,#2563,#2587,#2611,#2635,#2659,#2683,#2707,#2731,#2755,#2772,
    #2803,#2843,#2867,#2902,#2926,#2951,#2968,#3062,#3074,#3126,#3162,
    #3186,#3203,#3239,#3263,#3280,#3316,#3340,#3357,#3374,#3386,#3403,
    #3415,#3451,#3475,#3492,#3509,#3521,#3538,#3550,#3564,#3583,#3600,
    #3614,#3657,#3679,#3754,#3787,#3806,#3831,#3856,#3881,#3906,#3931,
    #3956,#3987,#4011,#4028,#4067,#4415,#4445,#4478,#4503,#4528,#4538,
    #4558,#4578,#4598,#4618,#4638,#4658,#4669,#4687,#4705,#4778,#4788,
    #4803,#4823,#4843,#4868,#4893,#4918,#4943,#4968,#4993,#5010,#5020,
    #5045,#5070,#5079,#5088,#5097,#5106,#5115,#5124,#5133));
#17 = ADVANCED_FACE('',(#18,#118,#184,#218,#268,#358,#432,#482,#556,#670
    ,#722),#733,.T.);
#18 = FACE_BOUND('',#19,.T.);
#19 = EDGE_LOOP('',(#20,#30,#38,#46,#56,#64,#72,#80,#88,#96,#104,#112));
#20 = ORIENTED_EDGE('',*,*,#21,.F.);
#21 = EDGE_CURVE('',#22,#24,#26,.T.);
#22 = VERTEX_POINT('',#23);
#23 = CARTESIAN_POINT('',(-31.55,28.55,16.5));
#24 = VERTEX_POINT('',#25);
#25 = CARTESIAN_POINT('',(-34.55,28.55,16.5));
#26 = LINE('',#27,#28);
#27 = CARTESIAN_POINT('',(-4.585,28.55,16.5));
#28 = VECTOR('',#29,1.);
#29 = DIRECTION('',(-1.,0.,0.));
#30 = ORIENTED_EDGE('',*,*,#31,.F.);
#31 = EDGE_CURVE('',#32,#22,#34,.T.);
#32 = VERTEX_POINT('',#33);
#33 = CARTESIAN_POINT('',(-26.29734113281,28.55,16.5));
#34 = LINE('',#35,#36);
#35 = CARTESIAN_POINT('',(-9.17,28.55,16.5));
#36 = VECTOR('',#37,1.);
#37 = DIRECTION('',(-1.,0.,0.));
#38 = ORIENTED_EDGE('',*,*,#39,.T.);
#39 = EDGE_CURVE('',#32,#40,#42,.T.);
#40 = VERTEX_POINT('',#41);
#41 = CARTESIAN_POINT('',(-24.465876,35.240074,16.5));
#42 = B_SPLINE_CURVE_WITH_KNOTS('',2,(#43,#44,#45),.UNSPECIFIED.,.F.,.F.
  ,(3,3),(0.,1.),.PIECEWISE_BEZIER_KNOTS.);
#43 = CARTESIAN_POINT('',(-26.298704,28.528843,16.5));
#44 = CARTESIAN_POINT('',(-26.0737,32.0545,16.5));
#45 = CARTESIAN_POINT('',(-24.465876,35.240074,16.5));
#46 = ORIENTED_EDGE('',*,*,#47,.T.);
#47 = EDGE_CURVE('',#40,#48,#50,.T.);
#48 = VERTEX_POINT('',#49);
#49 = CARTESIAN_POINT('',(-17.201851,34.859665,16.5));
#50 = B_SPLINE_CURVE_WITH_KNOTS('',3,(#51,#52,#53,#54,#55),
  .UNSPECIFIED.,.F.,.F.,(4,1,4),(0.,0.5,1.),.QUASI_UNIFORM_KNOTS.);
#51 = CARTESIAN_POINT('',(-24.465876,35.240074,16.5));
#52 = CARTESIAN_POINT('',(-23.3428,33.3924,16.5));
#53 = CARTESIAN_POINT('',(-22.0204,33.2656,16.5));
#54 = CARTESIAN_POINT('',(-19.1945,33.1569,16.5));
#55 = CARTESIAN_POINT('',(-17.201851,34.859665,16.5));
#56 = ORIENTED_EDGE('',*,*,#57,.F.);
#57 = EDGE_CURVE('',#58,#48,#60,.T.);
#58 = VERTEX_POINT('',#59);
#59 = CARTESIAN_POINT('',(-15.79541670487,28.55,16.5));
#60 = B_SPLINE_CURVE_WITH_KNOTS('',2,(#61,#62,#63),.UNSPECIFIED.,.F.,.F.
  ,(3,3),(0.,1.),.PIECEWISE_BEZIER_KNOTS.);
#61 = CARTESIAN_POINT('',(-15.798267,28.528843,16.5));
#62 = CARTESIAN_POINT('',(-15.354144,31.798265,16.5));
#63 = CARTESIAN_POINT('',(-17.201851,34.859665,16.5));
#64 = ORIENTED_EDGE('',*,*,#65,.F.);
#65 = EDGE_CURVE('',#66,#58,#68,.T.);
#66 = VERTEX_POINT('',#67);
#67 = CARTESIAN_POINT('',(-9.17,28.55,16.5));
#68 = LINE('',#69,#70);
#69 = CARTESIAN_POINT('',(-9.17,28.55,16.5));
#70 = VECTOR('',#71,1.);
#71 = DIRECTION('',(-1.,0.,0.));
#72 = ORIENTED_EDGE('',*,*,#73,.T.);
#73 = EDGE_CURVE('',#66,#74,#76,.T.);
#74 = VERTEX_POINT('',#75);
#75 = CARTESIAN_POINT('',(-6.17,28.55,16.5));
#76 = LINE('',#77,#78);
#77 = CARTESIAN_POINT('',(-4.585,28.55,16.5));
#78 = VECTOR('',#79,1.);
#79 = DIRECTION('',(1.,0.,0.));
#80 = ORIENTED_EDGE('',*,*,#81,.F.);
#81 = EDGE_CURVE('',#82,#74,#84,.T.);
#82 = VERTEX_POINT('',#83);
#83 = CARTESIAN_POINT('',(-6.17,22.97,16.5));
#84 = LINE('',#85,#86);
#85 = CARTESIAN_POINT('',(-6.17,22.97,16.5));
#86 = VECTOR('',#87,1.);
#87 = DIRECTION('',(0.,1.,0.));
#88 = ORIENTED_EDGE('',*,*,#89,.F.);
#89 = EDGE_CURVE('',#90,#82,#92,.T.);
#90 = VERTEX_POINT('',#91);
#91 = CARTESIAN_POINT('',(-9.17,22.97,16.5));
#92 = LINE('',#93,#94);
#93 = CARTESIAN_POINT('',(-15.775,22.97,16.5));
#94 = VECTOR('',#95,1.);
#95 = DIRECTION('',(1.,0.,0.));
#96 = ORIENTED_EDGE('',*,*,#97,.F.);
#97 = EDGE_CURVE('',#98,#90,#100,.T.);
#98 = VERTEX_POINT('',#99);
#99 = CARTESIAN_POINT('',(-31.55,22.97,16.5));
#100 = LINE('',#101,#102);
#101 = CARTESIAN_POINT('',(-31.55,22.97,16.5));
#102 = VECTOR('',#103,1.);
#103 = DIRECTION('',(1.,0.,0.));
#104 = ORIENTED_EDGE('',*,*,#105,.T.);
#105 = EDGE_CURVE('',#98,#106,#108,.T.);
#106 = VERTEX_POINT('',#107);
#107 = CARTESIAN_POINT('',(-34.55,22.97,16.5));
#108 = LINE('',#109,#110);
#109 = CARTESIAN_POINT('',(-15.775,22.97,16.5));
#110 = VECTOR('',#111,1.);
#111 = DIRECTION('',(-1.,0.,0.));
#112 = ORIENTED_EDGE('',*,*,#113,.F.);
#113 = EDGE_CURVE('',#24,#106,#114,.T.);
#114 = LINE('',#115,#116);
#115 = CARTESIAN_POINT('',(-34.55,28.55,16.5));
#116 = VECTOR('',#117,1.);
#117 = DIRECTION('',(0.,-1.,0.));
#118 = FACE_BOUND('',#119,.T.);
#119 = EDGE_LOOP('',(#120,#130,#138,#146,#154,#162,#170,#178));
#120 = ORIENTED_EDGE('',*,*,#121,.T.);
#121 = EDGE_CURVE('',#122,#124,#126,.T.);
#122 = VERTEX_POINT('',#123);
#123 = CARTESIAN_POINT('',(-47.9,-43.275,16.5));
#124 = VERTEX_POINT('',#125);
#125 = CARTESIAN_POINT('',(47.9,-43.275,16.5));
#126 = LINE('',#127,#128);
#127 = CARTESIAN_POINT('',(-49.9,-43.275,16.5));
#128 = VECTOR('',#129,1.);
#129 = DIRECTION('',(1.,0.,0.));
#130 = ORIENTED_EDGE('',*,*,#131,.T.);
#131 = EDGE_CURVE('',#124,#132,#134,.T.);
#132 = VERTEX_POINT('',#133);
#133 = CARTESIAN_POINT('',(49.9,-41.275,16.5));
#134 = LINE('',#135,#136);
#135 = CARTESIAN_POINT('',(47.24375,-43.93125,16.5));
#136 = VECTOR('',#137,1.);
#137 = DIRECTION('',(0.707106781187,0.707106781187,0.));
#138 = ORIENTED_EDGE('',*,*,#139,.T.);
#139 = EDGE_CURVE('',#132,#140,#142,.T.);
#140 = VERTEX_POINT('',#141);
#141 = CARTESIAN_POINT('',(49.9,41.275,16.5));
#142 = LINE('',#143,#144);
#143 = CARTESIAN_POINT('',(49.9,-43.275,16.5));
#144 = VECTOR('',#145,1.);
#145 = DIRECTION('',(0.,1.,0.));
#146 = ORIENTED_EDGE('',*,*,#147,.F.);
#147 = EDGE_CURVE('',#148,#140,#150,.T.);
#148 = VERTEX_POINT('',#149);
#149 = CARTESIAN_POINT('',(47.9,43.275,16.5));
#150 = LINE('',#151,#152);
#151 = CARTESIAN_POINT('',(47.24375,43.93125,16.5));
#152 = VECTOR('',#153,1.);
#153 = DIRECTION('',(0.707106781187,-0.707106781187,0.));
#154 = ORIENTED_EDGE('',*,*,#155,.T.);
#155 = EDGE_CURVE('',#148,#156,#158,.T.);
#156 = VERTEX_POINT('',#157);
#157 = CARTESIAN_POINT('',(-47.9,43.275,16.5));
#158 = LINE('',#159,#160);
#159 = CARTESIAN_POINT('',(49.9,43.275,16.5));
#160 = VECTOR('',#161,1.);
#161 = DIRECTION('',(-1.,0.,0.));
#162 = ORIENTED_EDGE('',*,*,#163,.F.);
#163 = EDGE_CURVE('',#164,#156,#166,.T.);
#164 = VERTEX_POINT('',#165);
#165 = CARTESIAN_POINT('',(-49.9,41.275,16.5));
#166 = LINE('',#167,#168);
#167 = CARTESIAN_POINT('',(-47.24375,43.93125,16.5));
#168 = VECTOR('',#169,1.);
#169 = DIRECTION('',(0.707106781187,0.707106781187,0.));
#170 = ORIENTED_EDGE('',*,*,#171,.T.);
#171 = EDGE_CURVE('',#164,#172,#174,.T.);
#172 = VERTEX_POINT('',#173);
#173 = CARTESIAN_POINT('',(-49.9,-41.275,16.5));
#174 = LINE('',#175,#176);
#175 = CARTESIAN_POINT('',(-49.9,43.275,16.5));
#176 = VECTOR('',#177,1.);
#177 = DIRECTION('',(0.,-1.,0.));
#178 = ORIENTED_EDGE('',*,*,#179,.T.);
#179 = EDGE_CURVE('',#172,#122,#180,.T.);
#180 = LINE('',#181,#182);
#181 = CARTESIAN_POINT('',(-47.24375,-43.93125,16.5));
#182 = VECTOR('',#183,1.);
#183 = DIRECTION('',(0.707106781187,-0.707106781187,0.));
#184 = FACE_BOUND('',#185,.T.);
#185 = EDGE_LOOP('',(#186,#196,#204,#212));
#186 = ORIENTED_EDGE('',*,*,#187,.F.);
#187 = EDGE_CURVE('',#188,#190,#192,.T.);
#188 = VERTEX_POINT('',#189);
#189 = CARTESIAN_POINT('',(-38.4,-11.6,16.5));
#190 = VERTEX_POINT('',#191);
#191 = CARTESIAN_POINT('',(-38.4,-31.4,16.5));
#192 = LINE('',#193,#194);
#193 = CARTESIAN_POINT('',(-38.4,-11.6,16.5));
#194 = VECTOR('',#195,1.);
#195 = DIRECTION('',(0.,-1.,0.));
#196 = ORIENTED_EDGE('',*,*,#197,.F.);
#197 = EDGE_CURVE('',#198,#188,#200,.T.);
#198 = VERTEX_POINT('',#199);
#199 = CARTESIAN_POINT('',(38.4,-11.6,16.5));
#200 = LINE('',#201,#202);
#201 = CARTESIAN_POINT('',(38.4,-11.6,16.5));
#202 = VECTOR('',#203,1.);
#203 = DIRECTION('',(-1.,0.,0.));
#204 = ORIENTED_EDGE('',*,*,#205,.F.);
#205 = EDGE_CURVE('',#206,#198,#208,.T.);
#206 = VERTEX_POINT('',#207);
#207 = CARTESIAN_POINT('',(38.4,-31.4,16.5));
#208 = LINE('',#209,#210);
#209 = CARTESIAN_POINT('',(38.4,-31.4,16.5));
#210 = VECTOR('',#211,1.);
#211 = DIRECTION('',(0.,1.,0.));
#212 = ORIENTED_EDGE('',*,*,#213,.F.);
#213 = EDGE_CURVE('',#190,#206,#214,.T.);
#214 = LINE('',#215,#216);
#215 = CARTESIAN_POINT('',(-38.4,-31.4,16.5));
#216 = VECTOR('',#217,1.);
#217 = DIRECTION('',(1.,0.,0.));
#218 = FACE_BOUND('',#219,.T.);
#219 = EDGE_LOOP('',(#220,#230,#238,#246,#254,#262));
#220 = ORIENTED_EDGE('',*,*,#221,.F.);
#221 = EDGE_CURVE('',#222,#224,#226,.T.);
#222 = VERTEX_POINT('',#223);
#223 = CARTESIAN_POINT('',(-28.093542,22.120787,16.5));
#224 = VERTEX_POINT('',#225);
#225 = CARTESIAN_POINT('',(-34.689426,19.953012,16.5));
#226 = LINE('',#227,#228);
#227 = CARTESIAN_POINT('',(-28.093542,22.120787,16.5));
#228 = VECTOR('',#229,1.);
#229 = DIRECTION('',(-0.950007999072,-0.312225562213,0.));
#230 = ORIENTED_EDGE('',*,*,#231,.F.);
#231 = EDGE_CURVE('',#232,#222,#234,.T.);
#232 = VERTEX_POINT('',#233);
#233 = CARTESIAN_POINT('',(-32.195812,19.58703,16.5));
#234 = LINE('',#235,#236);
#235 = CARTESIAN_POINT('',(-32.195812,19.58703,16.5));
#236 = VECTOR('',#237,1.);
#237 = DIRECTION('',(0.85079781191,0.525493180973,0.));
#238 = ORIENTED_EDGE('',*,*,#239,.F.);
#239 = EDGE_CURVE('',#240,#232,#242,.T.);
#240 = VERTEX_POINT('',#241);
#241 = CARTESIAN_POINT('',(-28.57616,16.651091,16.5));
#242 = LINE('',#243,#244);
#243 = CARTESIAN_POINT('',(-28.57616,16.651091,16.5));
#244 = VECTOR('',#245,1.);
#245 = DIRECTION('',(-0.776641741725,0.629942541039,0.));
#246 = ORIENTED_EDGE('',*,*,#247,.F.);
#247 = EDGE_CURVE('',#248,#240,#250,.T.);
#248 = VERTEX_POINT('',#249);
#249 = CARTESIAN_POINT('',(-34.640852,13.084669,16.5));
#250 = LINE('',#251,#252);
#251 = CARTESIAN_POINT('',(-34.640852,13.084669,16.5));
#252 = VECTOR('',#253,1.);
#253 = DIRECTION('',(0.861999048991,0.506909892918,0.));
#254 = ORIENTED_EDGE('',*,*,#255,.F.);
#255 = EDGE_CURVE('',#256,#248,#258,.T.);
#256 = VERTEX_POINT('',#257);
#257 = CARTESIAN_POINT('',(-31.427364,16.825748,16.5));
#258 = LINE('',#259,#260);
#259 = CARTESIAN_POINT('',(-31.427364,16.825748,16.5));
#260 = VECTOR('',#261,1.);
#261 = DIRECTION('',(-0.651591571972,-0.758569985786,0.));
#262 = ORIENTED_EDGE('',*,*,#263,.F.);
#263 = EDGE_CURVE('',#224,#256,#264,.T.);
#264 = LINE('',#265,#266);
#265 = CARTESIAN_POINT('',(-34.689426,19.953012,16.5));
#266 = VECTOR('',#267,1.);
#267 = DIRECTION('',(0.721864244659,-0.692034690086,0.));
#268 = FACE_BOUND('',#269,.T.);
#269 = EDGE_LOOP('',(#270,#280,#288,#296,#304,#312,#320,#328,#336,#344,
    #352));
#270 = ORIENTED_EDGE('',*,*,#271,.F.);
#271 = EDGE_CURVE('',#272,#274,#276,.T.);
#272 = VERTEX_POINT('',#273);
#273 = CARTESIAN_POINT('',(-27.570702,21.597948,16.5));
#274 = VERTEX_POINT('',#275);
#275 = CARTESIAN_POINT('',(-27.570702,13.393405,16.5));
#276 = LINE('',#277,#278);
#277 = CARTESIAN_POINT('',(-27.570702,21.597948,16.5));
#278 = VECTOR('',#279,1.);
#279 = DIRECTION('',(0.,-1.,0.));
#280 = ORIENTED_EDGE('',*,*,#281,.F.);
#281 = EDGE_CURVE('',#282,#272,#284,.T.);
#282 = VERTEX_POINT('',#283);
#283 = CARTESIAN_POINT('',(-26.484809,20.793581,16.5));
#284 = LINE('',#285,#286);
#285 = CARTESIAN_POINT('',(-26.484809,20.793581,16.5));
#286 = VECTOR('',#287,1.);
#287 = DIRECTION('',(-0.803556551009,0.595228417778,0.));
#288 = ORIENTED_EDGE('',*,*,#289,.F.);
#289 = EDGE_CURVE('',#290,#282,#292,.T.);
#290 = VERTEX_POINT('',#291);
#291 = CARTESIAN_POINT('',(-26.412956,18.092831,16.5));
#292 = LINE('',#293,#294);
#293 = CARTESIAN_POINT('',(-26.412956,18.092831,16.5));
#294 = VECTOR('',#295,1.);
#295 = DIRECTION('',(-2.659542130928E-02,0.999646279223,0.));
#296 = ORIENTED_EDGE('',*,*,#297,.F.);
#297 = EDGE_CURVE('',#298,#290,#300,.T.);
#298 = VERTEX_POINT('',#299);
#299 = CARTESIAN_POINT('',(-26.002188,17.495676,16.5));
#300 = LINE('',#301,#302);
#301 = CARTESIAN_POINT('',(-26.002188,17.495676,16.5));
#302 = VECTOR('',#303,1.);
#303 = DIRECTION('',(-0.566738607497,0.823897657948,0.));
#304 = ORIENTED_EDGE('',*,*,#305,.F.);
#305 = EDGE_CURVE('',#306,#298,#308,.T.);
#306 = VERTEX_POINT('',#307);
#307 = CARTESIAN_POINT('',(-22.543409,21.276201,16.5));
#308 = LINE('',#309,#310);
#309 = CARTESIAN_POINT('',(-22.543409,21.276201,16.5));
#310 = VECTOR('',#311,1.);
#311 = DIRECTION('',(-0.675013547964,-0.737805333448,0.));
#312 = ORIENTED_EDGE('',*,*,#313,.F.);
#313 = EDGE_CURVE('',#314,#306,#316,.T.);
#314 = VERTEX_POINT('',#315);
#315 = CARTESIAN_POINT('',(-22.141226,20.029432,16.5));
#316 = LINE('',#317,#318);
#317 = CARTESIAN_POINT('',(-22.141226,20.029432,16.5));
#318 = VECTOR('',#319,1.);
#319 = DIRECTION('',(-0.307002400771,0.951708740068,0.));
#320 = ORIENTED_EDGE('',*,*,#321,.F.);
#321 = EDGE_CURVE('',#322,#314,#324,.T.);
#322 = VERTEX_POINT('',#323);
#323 = CARTESIAN_POINT('',(-24.714527,16.879667,16.5));
#324 = LINE('',#325,#326);
#325 = CARTESIAN_POINT('',(-24.714527,16.879667,16.5));
#326 = VECTOR('',#327,1.);
#327 = DIRECTION('',(0.632681008378,0.77441251387,0.));
#328 = ORIENTED_EDGE('',*,*,#329,.F.);
#329 = EDGE_CURVE('',#330,#322,#332,.T.);
#330 = VERTEX_POINT('',#331);
#331 = CARTESIAN_POINT('',(-22.562991,13.07443,16.5));
#332 = LINE('',#333,#334);
#333 = CARTESIAN_POINT('',(-22.562991,13.07443,16.5));
#334 = VECTOR('',#335,1.);
#335 = DIRECTION('',(-0.492187258477,0.870489346628,0.));
#336 = ORIENTED_EDGE('',*,*,#337,.F.);
#337 = EDGE_CURVE('',#338,#330,#340,.T.);
#338 = VERTEX_POINT('',#339);
#339 = CARTESIAN_POINT('',(-26.286426,16.549268,16.5));
#340 = LINE('',#341,#342);
#341 = CARTESIAN_POINT('',(-26.286426,16.549268,16.5));
#342 = VECTOR('',#343,1.);
#343 = DIRECTION('',(0.731091309553,-0.682279632626,0.));
#344 = ORIENTED_EDGE('',*,*,#345,.F.);
#345 = EDGE_CURVE('',#346,#338,#348,.T.);
#346 = VERTEX_POINT('',#347);
#347 = CARTESIAN_POINT('',(-26.487517,13.170927,16.5));
#348 = LINE('',#349,#350);
#349 = CARTESIAN_POINT('',(-26.487517,13.170927,16.5));
#350 = VECTOR('',#351,1.);
#351 = DIRECTION('',(5.941842616682E-02,0.998233164462,0.));
#352 = ORIENTED_EDGE('',*,*,#353,.F.);
#353 = EDGE_CURVE('',#274,#346,#354,.T.);
#354 = LINE('',#355,#356);
#355 = CARTESIAN_POINT('',(-27.570702,13.393405,16.5));
#356 = VECTOR('',#357,1.);
#357 = DIRECTION('',(0.979551721116,-0.201192508953,0.));
#358 = FACE_BOUND('',#359,.T.);
#359 = EDGE_LOOP('',(#360,#370,#378,#386,#394,#402,#410,#418,#426));
#360 = ORIENTED_EDGE('',*,*,#361,.F.);
#361 = EDGE_CURVE('',#362,#364,#366,.T.);
#362 = VERTEX_POINT('',#363);
#363 = CARTESIAN_POINT('',(-21.658606,21.597948,16.5));
#364 = VERTEX_POINT('',#365);
#365 = CARTESIAN_POINT('',(-20.452055,18.460917,16.5));
#366 = LINE('',#367,#368);
#367 = CARTESIAN_POINT('',(-21.658606,21.597948,16.5));
#368 = VECTOR('',#369,1.);
#369 = DIRECTION('',(0.358979238807,-0.933345544858,0.));
#370 = ORIENTED_EDGE('',*,*,#371,.F.);
#371 = EDGE_CURVE('',#372,#362,#374,.T.);
#372 = VERTEX_POINT('',#373);
#373 = CARTESIAN_POINT('',(-20.81402,21.758821,16.5));
#374 = LINE('',#375,#376);
#375 = CARTESIAN_POINT('',(-20.81402,21.758821,16.5));
#376 = VECTOR('',#377,1.);
#377 = DIRECTION('',(-0.982338678406,-0.187111519977,0.));
#378 = ORIENTED_EDGE('',*,*,#379,.F.);
#379 = EDGE_CURVE('',#380,#372,#382,.T.);
#380 = VERTEX_POINT('',#381);
#381 = CARTESIAN_POINT('',(-19.969435,19.426157,16.5));
#382 = LINE('',#383,#384);
#383 = CARTESIAN_POINT('',(-19.969435,19.426157,16.5));
#384 = VECTOR('',#385,1.);
#385 = DIRECTION('',(-0.340440997585,0.940265881101,0.));
#386 = ORIENTED_EDGE('',*,*,#387,.F.);
#387 = EDGE_CURVE('',#388,#380,#390,.T.);
#388 = VERTEX_POINT('',#389);
#389 = CARTESIAN_POINT('',(-18.762884,21.638166,16.5));
#390 = LINE('',#391,#392);
#391 = CARTESIAN_POINT('',(-18.762884,21.638166,16.5));
#392 = VECTOR('',#393,1.);
#393 = DIRECTION('',(-0.478852325327,-0.877895466743,0.));
#394 = ORIENTED_EDGE('',*,*,#395,.F.);
#395 = EDGE_CURVE('',#396,#388,#398,.T.);
#396 = VERTEX_POINT('',#397);
#397 = CARTESIAN_POINT('',(-17.717207,21.718603,16.5));
#398 = LINE('',#399,#400);
#399 = CARTESIAN_POINT('',(-17.717207,21.718603,16.5));
#400 = VECTOR('',#401,1.);
#401 = DIRECTION('',(-0.997054463066,-7.669679054398E-02,0.));
#402 = ORIENTED_EDGE('',*,*,#403,.F.);
#403 = EDGE_CURVE('',#404,#396,#406,.T.);
#404 = VERTEX_POINT('',#405);
#405 = CARTESIAN_POINT('',(-19.60747,18.460917,16.5));
#406 = LINE('',#407,#408);
#407 = CARTESIAN_POINT('',(-19.60747,18.460917,16.5));
#408 = VECTOR('',#409,1.);
#409 = DIRECTION('',(0.501878037036,0.864938400085,0.));
#410 = ORIENTED_EDGE('',*,*,#411,.F.);
#411 = EDGE_CURVE('',#412,#404,#414,.T.);
#412 = VERTEX_POINT('',#413);
#413 = CARTESIAN_POINT('',(-19.60747,14.4793,16.5));
#414 = LINE('',#415,#416);
#415 = CARTESIAN_POINT('',(-19.60747,14.4793,16.5));
#416 = VECTOR('',#417,1.);
#417 = DIRECTION('',(0.,1.,0.));
#418 = ORIENTED_EDGE('',*,*,#419,.F.);
#419 = EDGE_CURVE('',#420,#412,#422,.T.);
#420 = VERTEX_POINT('',#421);
#421 = CARTESIAN_POINT('',(-20.452055,13.031438,16.5));
#422 = LINE('',#423,#424);
#423 = CARTESIAN_POINT('',(-20.452055,13.031438,16.5));
#424 = VECTOR('',#425,1.);
#425 = DIRECTION('',(0.503870506213,0.86377920383,0.));
#426 = ORIENTED_EDGE('',*,*,#427,.F.);
#427 = EDGE_CURVE('',#364,#420,#428,.T.);
#428 = LINE('',#429,#430);
#429 = CARTESIAN_POINT('',(-20.452055,18.460917,16.5));
#430 = VECTOR('',#431,1.);
#431 = DIRECTION('',(0.,-1.,0.));
#432 = FACE_BOUND('',#433,.T.);
#433 = EDGE_LOOP('',(#434,#444,#452,#460,#468,#476));
#434 = ORIENTED_EDGE('',*,*,#435,.F.);
#435 = EDGE_CURVE('',#436,#438,#440,.T.);
#436 = VERTEX_POINT('',#437);
#437 = CARTESIAN_POINT('',(-17.837862,18.822882,16.5));
#438 = VERTEX_POINT('',#439);
#439 = CARTESIAN_POINT('',(-17.837862,13.312968,16.5));
#440 = LINE('',#441,#442);
#441 = CARTESIAN_POINT('',(-17.837862,18.822882,16.5));
#442 = VECTOR('',#443,1.);
#443 = DIRECTION('',(0.,-1.,0.));
#444 = ORIENTED_EDGE('',*,*,#445,.F.);
#445 = EDGE_CURVE('',#446,#436,#448,.T.);
#446 = VERTEX_POINT('',#447);
#447 = CARTESIAN_POINT('',(-16.711748,18.340261,16.5));
#448 = LINE('',#449,#450);
#449 = CARTESIAN_POINT('',(-16.711748,18.340261,16.5));
#450 = VECTOR('',#451,1.);
#451 = DIRECTION('',(-0.919144818929,0.393919791119,0.));
#452 = ORIENTED_EDGE('',*,*,#453,.F.);
#453 = EDGE_CURVE('',#454,#446,#456,.T.);
#454 = VERTEX_POINT('',#455);
#455 = CARTESIAN_POINT('',(-16.711748,14.278209,16.5));
#456 = LINE('',#457,#458);
#457 = CARTESIAN_POINT('',(-16.711748,14.278209,16.5));
#458 = VECTOR('',#459,1.);
#459 = DIRECTION('',(0.,1.,0.));
#460 = ORIENTED_EDGE('',*,*,#461,.F.);
#461 = EDGE_CURVE('',#462,#454,#464,.T.);
#462 = VERTEX_POINT('',#463);
#463 = CARTESIAN_POINT('',(-14.298648,14.278209,16.5));
#464 = LINE('',#465,#466);
#465 = CARTESIAN_POINT('',(-14.298648,14.278209,16.5));
#466 = VECTOR('',#467,1.);
#467 = DIRECTION('',(-1.,0.,0.));
#468 = ORIENTED_EDGE('',*,*,#469,.F.);
#469 = EDGE_CURVE('',#470,#462,#472,.T.);
#470 = VERTEX_POINT('',#471);
#471 = CARTESIAN_POINT('',(-14.218209,13.312968,16.5));
#472 = LINE('',#473,#474);
#473 = CARTESIAN_POINT('',(-14.218209,13.312968,16.5));
#474 = VECTOR('',#475,1.);
#475 = DIRECTION('',(-8.304778680472E-02,0.996545565996,0.));
#476 = ORIENTED_EDGE('',*,*,#477,.F.);
#477 = EDGE_CURVE('',#438,#470,#478,.T.);
#478 = LINE('',#479,#480);
#479 = CARTESIAN_POINT('',(-17.837862,13.312968,16.5));
#480 = VECTOR('',#481,1.);
#481 = DIRECTION('',(1.,0.,0.));
#482 = FACE_BOUND('',#483,.T.);
#483 = EDGE_LOOP('',(#484,#494,#502,#510,#518,#526,#534,#542,#550));
#484 = ORIENTED_EDGE('',*,*,#485,.F.);
#485 = EDGE_CURVE('',#486,#488,#490,.T.);
#486 = VERTEX_POINT('',#487);
#487 = CARTESIAN_POINT('',(-9.713756,21.718603,16.5));
#488 = VERTEX_POINT('',#489);
#489 = CARTESIAN_POINT('',(-9.713756,12.910784,16.5));
#490 = LINE('',#491,#492);
#491 = CARTESIAN_POINT('',(-9.713756,21.718603,16.5));
#492 = VECTOR('',#493,1.);
#493 = DIRECTION('',(0.,-1.,0.));
#494 = ORIENTED_EDGE('',*,*,#495,.F.);
#495 = EDGE_CURVE('',#496,#486,#498,.T.);
#496 = VERTEX_POINT('',#497);
#497 = CARTESIAN_POINT('',(-5.49083,20.391397,16.5));
#498 = LINE('',#499,#500);
#499 = CARTESIAN_POINT('',(-5.49083,20.391397,16.5));
#500 = VECTOR('',#501,1.);
#501 = DIRECTION('',(-0.953993672592,0.299826737723,0.));
#502 = ORIENTED_EDGE('',*,*,#503,.F.);
#503 = EDGE_CURVE('',#504,#496,#506,.T.);
#504 = VERTEX_POINT('',#505);
#505 = CARTESIAN_POINT('',(-5.169084,18.581572,16.5));
#506 = LINE('',#507,#508);
#507 = CARTESIAN_POINT('',(-5.169084,18.581572,16.5));
#508 = VECTOR('',#509,1.);
#509 = DIRECTION('',(-0.175032983155,0.984562570286,0.));
#510 = ORIENTED_EDGE('',*,*,#511,.F.);
#511 = EDGE_CURVE('',#512,#504,#514,.T.);
#512 = VERTEX_POINT('',#513);
#513 = CARTESIAN_POINT('',(-7.461528,16.530436,16.5));
#514 = LINE('',#515,#516);
#515 = CARTESIAN_POINT('',(-7.461528,16.530436,16.5));
#516 = VECTOR('',#517,1.);
#517 = DIRECTION('',(0.745241007444,0.66679520156,0.));
#518 = ORIENTED_EDGE('',*,*,#519,.F.);
#519 = EDGE_CURVE('',#520,#512,#522,.T.);
#520 = VERTEX_POINT('',#521);
#521 = CARTESIAN_POINT('',(-4.525588,13.27275,16.5));
#522 = LINE('',#523,#524);
#523 = CARTESIAN_POINT('',(-4.525588,13.27275,16.5));
#524 = VECTOR('',#525,1.);
#525 = DIRECTION('',(-0.669471348704,0.742837878184,0.));
#526 = ORIENTED_EDGE('',*,*,#527,.F.);
#527 = EDGE_CURVE('',#528,#520,#530,.T.);
#528 = VERTEX_POINT('',#529);
#529 = CARTESIAN_POINT('',(-6.094106,13.27275,16.5));
#530 = LINE('',#531,#532);
#531 = CARTESIAN_POINT('',(-6.094106,13.27275,16.5));
#532 = VECTOR('',#533,1.);
#533 = DIRECTION('',(1.,0.,0.));
#534 = ORIENTED_EDGE('',*,*,#535,.F.);
#535 = EDGE_CURVE('',#536,#528,#538,.T.);
#536 = VERTEX_POINT('',#537);
#537 = CARTESIAN_POINT('',(-8.627857,16.208689,16.5));
#538 = LINE('',#539,#540);
#539 = CARTESIAN_POINT('',(-8.627857,16.208689,16.5));
#540 = VECTOR('',#541,1.);
#541 = DIRECTION('',(0.653349147948,-0.757056728968,0.));
#542 = ORIENTED_EDGE('',*,*,#543,.F.);
#543 = EDGE_CURVE('',#544,#536,#546,.T.);
#544 = VERTEX_POINT('',#545);
#545 = CARTESIAN_POINT('',(-8.627857,14.398863,16.5));
#546 = LINE('',#547,#548);
#547 = CARTESIAN_POINT('',(-8.627857,14.398863,16.5));
#548 = VECTOR('',#549,1.);
#549 = DIRECTION('',(0.,1.,0.));
#550 = ORIENTED_EDGE('',*,*,#551,.F.);
#551 = EDGE_CURVE('',#488,#544,#552,.T.);
#552 = LINE('',#553,#554);
#553 = CARTESIAN_POINT('',(-9.713756,12.910784,16.5));
#554 = VECTOR('',#555,1.);
#555 = DIRECTION('',(0.589470314608,0.807790039674,0.));
#556 = FACE_BOUND('',#557,.T.);
#557 = EDGE_LOOP('',(#558,#568,#576,#584,#592,#600,#608,#616,#624,#632,
    #640,#648,#656,#664));
#558 = ORIENTED_EDGE('',*,*,#559,.F.);
#559 = EDGE_CURVE('',#560,#562,#564,.T.);
#560 = VERTEX_POINT('',#561);
#561 = CARTESIAN_POINT('',(-15.505197,21.839258,16.5));
#562 = VERTEX_POINT('',#563);
#563 = CARTESIAN_POINT('',(-15.505197,15.323886,16.5));
#564 = LINE('',#565,#566);
#565 = CARTESIAN_POINT('',(-15.505197,21.839258,16.5));
#566 = VECTOR('',#567,1.);
#567 = DIRECTION('',(0.,-1.,0.));
#568 = ORIENTED_EDGE('',*,*,#569,.F.);
#569 = EDGE_CURVE('',#570,#560,#572,.T.);
#570 = VERTEX_POINT('',#571);
#571 = CARTESIAN_POINT('',(-11.322491,21.839258,16.5));
#572 = LINE('',#573,#574);
#573 = CARTESIAN_POINT('',(-11.322491,21.839258,16.5));
#574 = VECTOR('',#575,1.);
#575 = DIRECTION('',(-1.,0.,0.));
#576 = ORIENTED_EDGE('',*,*,#577,.F.);
#577 = EDGE_CURVE('',#578,#570,#580,.T.);
#578 = VERTEX_POINT('',#579);
#579 = CARTESIAN_POINT('',(-11.322491,20.150087,16.5));
#580 = LINE('',#581,#582);
#581 = CARTESIAN_POINT('',(-11.322491,20.150087,16.5));
#582 = VECTOR('',#583,1.);
#583 = DIRECTION('',(0.,1.,0.));
#584 = ORIENTED_EDGE('',*,*,#585,.F.);
#585 = EDGE_CURVE('',#586,#578,#588,.T.);
#586 = VERTEX_POINT('',#587);
#587 = CARTESIAN_POINT('',(-12.48882,20.632708,16.5));
#588 = LINE('',#589,#590);
#589 = CARTESIAN_POINT('',(-12.48882,20.632708,16.5));
#590 = VECTOR('',#591,1.);
#591 = DIRECTION('',(0.924016243667,-0.382353215546,0.));
#592 = ORIENTED_EDGE('',*,*,#593,.F.);
#593 = EDGE_CURVE('',#594,#586,#596,.T.);
#594 = VERTEX_POINT('',#595);
#595 = CARTESIAN_POINT('',(-14.057335,20.632708,16.5));
#596 = LINE('',#597,#598);
#597 = CARTESIAN_POINT('',(-14.057335,20.632708,16.5));
#598 = VECTOR('',#599,1.);
#599 = DIRECTION('',(1.,0.,0.));
#600 = ORIENTED_EDGE('',*,*,#601,.F.);
#601 = EDGE_CURVE('',#602,#594,#604,.T.);
#602 = VERTEX_POINT('',#603);
#603 = CARTESIAN_POINT('',(-13.936683,18.983755,16.5));
#604 = LINE('',#605,#606);
#605 = CARTESIAN_POINT('',(-13.936683,18.983755,16.5));
#606 = VECTOR('',#607,1.);
#607 = DIRECTION('',(-7.297377479531E-02,0.997333859945,0.));
#608 = ORIENTED_EDGE('',*,*,#609,.F.);
#609 = EDGE_CURVE('',#610,#602,#612,.T.);
#610 = VERTEX_POINT('',#611);
#611 = CARTESIAN_POINT('',(-11.161614,18.983755,16.5));
#612 = LINE('',#613,#614);
#613 = CARTESIAN_POINT('',(-11.161614,18.983755,16.5));
#614 = VECTOR('',#615,1.);
#615 = DIRECTION('',(-1.,0.,0.));
#616 = ORIENTED_EDGE('',*,*,#617,.F.);
#617 = EDGE_CURVE('',#618,#610,#620,.T.);
#618 = VERTEX_POINT('',#619);
#619 = CARTESIAN_POINT('',(-11.081178,17.857641,16.5));
#620 = LINE('',#621,#622);
#621 = CARTESIAN_POINT('',(-11.081178,17.857641,16.5));
#622 = VECTOR('',#623,1.);
#623 = DIRECTION('',(-7.124642051883E-02,0.997458744793,0.));
#624 = ORIENTED_EDGE('',*,*,#625,.F.);
#625 = EDGE_CURVE('',#626,#618,#628,.T.);
#626 = VERTEX_POINT('',#627);
#627 = CARTESIAN_POINT('',(-14.177991,17.857641,16.5));
#628 = LINE('',#629,#630);
#629 = CARTESIAN_POINT('',(-14.177991,17.857641,16.5));
#630 = VECTOR('',#631,1.);
#631 = DIRECTION('',(1.,0.,0.));
#632 = ORIENTED_EDGE('',*,*,#633,.F.);
#633 = EDGE_CURVE('',#634,#626,#636,.T.);
#634 = VERTEX_POINT('',#635);
#635 = CARTESIAN_POINT('',(-14.097556,16.16847,16.5));
#636 = LINE('',#637,#638);
#637 = CARTESIAN_POINT('',(-14.097556,16.16847,16.5));
#638 = VECTOR('',#639,1.);
#639 = DIRECTION('',(-4.756413798948E-02,0.998868185887,0.));
#640 = ORIENTED_EDGE('',*,*,#641,.F.);
#641 = EDGE_CURVE('',#642,#634,#644,.T.);
#642 = VERTEX_POINT('',#643);
#643 = CARTESIAN_POINT('',(-12.0062,16.16847,16.5));
#644 = LINE('',#645,#646);
#645 = CARTESIAN_POINT('',(-12.0062,16.16847,16.5));
#646 = VECTOR('',#647,1.);
#647 = DIRECTION('',(-1.,0.,0.));
#648 = ORIENTED_EDGE('',*,*,#649,.F.);
#649 = EDGE_CURVE('',#650,#642,#652,.T.);
#650 = VERTEX_POINT('',#651);
#651 = CARTESIAN_POINT('',(-11.040961,16.892401,16.5));
#652 = LINE('',#653,#654);
#653 = CARTESIAN_POINT('',(-11.040961,16.892401,16.5));
#654 = VECTOR('',#655,1.);
#655 = DIRECTION('',(-0.799999303799,-0.600000928266,0.));
#656 = ORIENTED_EDGE('',*,*,#657,.F.);
#657 = EDGE_CURVE('',#658,#650,#660,.T.);
#658 = VERTEX_POINT('',#659);
#659 = CARTESIAN_POINT('',(-10.960525,15.323886,16.5));
#660 = LINE('',#661,#662);
#661 = CARTESIAN_POINT('',(-10.960525,15.323886,16.5));
#662 = VECTOR('',#663,1.);
#663 = DIRECTION('',(-5.121432861383E-02,0.998687685187,0.));
#664 = ORIENTED_EDGE('',*,*,#665,.F.);
#665 = EDGE_CURVE('',#562,#658,#666,.T.);
#666 = LINE('',#667,#668);
#667 = CARTESIAN_POINT('',(-15.505197,15.323886,16.5));
#668 = VECTOR('',#669,1.);
#669 = DIRECTION('',(1.,0.,0.));
#670 = FACE_BOUND('',#671,.T.);
#671 = EDGE_LOOP('',(#672,#682,#690,#699,#708,#716));
#672 = ORIENTED_EDGE('',*,*,#673,.F.);
#673 = EDGE_CURVE('',#674,#676,#678,.T.);
#674 = VERTEX_POINT('',#675);
#675 = CARTESIAN_POINT('',(-38.4,12.4,16.5));
#676 = VERTEX_POINT('',#677);
#677 = CARTESIAN_POINT('',(-38.4,-7.4,16.5));
#678 = LINE('',#679,#680);
#679 = CARTESIAN_POINT('',(-38.4,12.4,16.5));
#680 = VECTOR('',#681,1.);
#681 = DIRECTION('',(0.,-1.,0.));
#682 = ORIENTED_EDGE('',*,*,#683,.F.);
#683 = EDGE_CURVE('',#684,#674,#686,.T.);
#684 = VERTEX_POINT('',#685);
#685 = CARTESIAN_POINT('',(24.076406981168,12.4,16.5));
#686 = LINE('',#687,#688);
#687 = CARTESIAN_POINT('',(38.4,12.4,16.5));
#688 = VECTOR('',#689,1.);
#689 = DIRECTION('',(-1.,0.,0.));
#690 = ORIENTED_EDGE('',*,*,#691,.F.);
#691 = EDGE_CURVE('',#692,#684,#694,.T.);
#692 = VERTEX_POINT('',#693);
#693 = CARTESIAN_POINT('',(46.844442,25.231899,16.5));
#694 = CIRCLE('',#695,15.);
#695 = AXIS2_PLACEMENT_3D('',#696,#697,#698);
#696 = CARTESIAN_POINT('',(31.844442,25.231899,16.5));
#697 = DIRECTION('',(0.,0.,1.));
#698 = DIRECTION('',(1.,0.,0.));
#699 = ORIENTED_EDGE('',*,*,#700,.F.);
#700 = EDGE_CURVE('',#701,#692,#703,.T.);
#701 = VERTEX_POINT('',#702);
#702 = CARTESIAN_POINT('',(38.4,11.74024753294,16.5));
#703 = CIRCLE('',#704,15.);
#704 = AXIS2_PLACEMENT_3D('',#705,#706,#707);
#705 = CARTESIAN_POINT('',(31.844442,25.231899,16.5));
#706 = DIRECTION('',(0.,0.,1.));
#707 = DIRECTION('',(1.,0.,0.));
#708 = ORIENTED_EDGE('',*,*,#709,.F.);
#709 = EDGE_CURVE('',#710,#701,#712,.T.);
#710 = VERTEX_POINT('',#711);
#711 = CARTESIAN_POINT('',(38.4,-7.4,16.5));
#712 = LINE('',#713,#714);
#713 = CARTESIAN_POINT('',(38.4,-7.4,16.5));
#714 = VECTOR('',#715,1.);
#715 = DIRECTION('',(0.,1.,0.));
#716 = ORIENTED_EDGE('',*,*,#717,.F.);
#717 = EDGE_CURVE('',#676,#710,#718,.T.);
#718 = LINE('',#719,#720);
#719 = CARTESIAN_POINT('',(-38.4,-7.4,16.5));
#720 = VECTOR('',#721,1.);
#721 = DIRECTION('',(1.,0.,0.));
#722 = FACE_BOUND('',#723,.T.);
#723 = EDGE_LOOP('',(#724));
#724 = ORIENTED_EDGE('',*,*,#725,.F.);
#725 = EDGE_CURVE('',#726,#726,#728,.T.);
#726 = VERTEX_POINT('',#727);
#727 = CARTESIAN_POINT('',(12.7,24.35,16.5));
#728 = CIRCLE('',#729,3.4);
#729 = AXIS2_PLACEMENT_3D('',#730,#731,#732);
#730 = CARTESIAN_POINT('',(9.3,24.35,16.5));
#731 = DIRECTION('',(0.,0.,1.));
#732 = DIRECTION('',(1.,0.,0.));
#733 = PLANE('',#734);
#734 = AXIS2_PLACEMENT_3D('',#735,#736,#737);
#735 = CARTESIAN_POINT('',(0.,0.,16.5));
#736 = DIRECTION('',(0.,0.,1.));
#737 = DIRECTION('',(1.,0.,0.));
#738 = ADVANCED_FACE('',(#739),#809,.F.);
#739 = FACE_BOUND('',#740,.F.);
#740 = EDGE_LOOP('',(#741,#751,#757,#758,#759,#769,#777,#785,#786,#787,
    #795,#803));
#741 = ORIENTED_EDGE('',*,*,#742,.F.);
#742 = EDGE_CURVE('',#743,#745,#747,.T.);
#743 = VERTEX_POINT('',#744);
#744 = CARTESIAN_POINT('',(-31.55,28.55,13.5));
#745 = VERTEX_POINT('',#746);
#746 = CARTESIAN_POINT('',(-31.55,28.55,13.));
#747 = LINE('',#748,#749);
#748 = CARTESIAN_POINT('',(-31.55,28.55,16.5));
#749 = VECTOR('',#750,1.);
#750 = DIRECTION('',(-0.,-0.,-1.));
#751 = ORIENTED_EDGE('',*,*,#752,.F.);
#752 = EDGE_CURVE('',#24,#743,#753,.T.);
#753 = LINE('',#754,#755);
#754 = CARTESIAN_POINT('',(-27.455,28.55,9.405));
#755 = VECTOR('',#756,1.);
#756 = DIRECTION('',(0.707106781187,0.,-0.707106781187));
#757 = ORIENTED_EDGE('',*,*,#21,.F.);
#758 = ORIENTED_EDGE('',*,*,#31,.F.);
#759 = ORIENTED_EDGE('',*,*,#760,.F.);
#760 = EDGE_CURVE('',#761,#32,#763,.T.);
#761 = VERTEX_POINT('',#762);
#762 = CARTESIAN_POINT('',(-26.29734113281,28.55,16.49));
#763 = B_SPLINE_CURVE_WITH_KNOTS('',4,(#764,#765,#766,#767,#768),
  .UNSPECIFIED.,.F.,.F.,(5,5),(0.,1.),.PIECEWISE_BEZIER_KNOTS.);
#764 = CARTESIAN_POINT('',(-26.29734113281,28.55,16.489735078427));
#765 = CARTESIAN_POINT('',(-26.29734113281,28.55,16.49230130882));
#766 = CARTESIAN_POINT('',(-26.29734113281,28.55,16.494867539214));
#767 = CARTESIAN_POINT('',(-26.29734113281,28.55,16.497433769607));
#768 = CARTESIAN_POINT('',(-26.29734113281,28.55,16.5));
#769 = ORIENTED_EDGE('',*,*,#770,.T.);
#770 = EDGE_CURVE('',#761,#771,#773,.T.);
#771 = VERTEX_POINT('',#772);
#772 = CARTESIAN_POINT('',(-15.79541670487,28.55,16.49));
#773 = LINE('',#774,#775);
#774 = CARTESIAN_POINT('',(-15.07187695076,28.55,16.49));
#775 = VECTOR('',#776,1.);
#776 = DIRECTION('',(1.,0.,0.));
#777 = ORIENTED_EDGE('',*,*,#778,.T.);
#778 = EDGE_CURVE('',#771,#58,#779,.T.);
#779 = B_SPLINE_CURVE_WITH_KNOTS('',4,(#780,#781,#782,#783,#784),
  .UNSPECIFIED.,.F.,.F.,(5,5),(0.,1.),.PIECEWISE_BEZIER_KNOTS.);
#780 = CARTESIAN_POINT('',(-15.79541670487,28.55,16.489735078427));
#781 = CARTESIAN_POINT('',(-15.79541670487,28.55,16.49230130882));
#782 = CARTESIAN_POINT('',(-15.79541670487,28.55,16.494867539214));
#783 = CARTESIAN_POINT('',(-15.79541670487,28.55,16.497433769607));
#784 = CARTESIAN_POINT('',(-15.79541670487,28.55,16.5));
#785 = ORIENTED_EDGE('',*,*,#65,.F.);
#786 = ORIENTED_EDGE('',*,*,#73,.T.);
#787 = ORIENTED_EDGE('',*,*,#788,.T.);
#788 = EDGE_CURVE('',#74,#789,#791,.T.);
#789 = VERTEX_POINT('',#790);
#790 = CARTESIAN_POINT('',(-9.17,28.55,13.5));
#791 = LINE('',#792,#793);
#792 = CARTESIAN_POINT('',(-7.67,28.55,15.));
#793 = VECTOR('',#794,1.);
#794 = DIRECTION('',(-0.707106781187,0.,-0.707106781187));
#795 = ORIENTED_EDGE('',*,*,#796,.T.);
#796 = EDGE_CURVE('',#789,#797,#799,.T.);
#797 = VERTEX_POINT('',#798);
#798 = CARTESIAN_POINT('',(-9.17,28.55,13.));
#799 = LINE('',#800,#801);
#800 = CARTESIAN_POINT('',(-9.17,28.55,16.5));
#801 = VECTOR('',#802,1.);
#802 = DIRECTION('',(-0.,-0.,-1.));
#803 = ORIENTED_EDGE('',*,*,#804,.T.);
#804 = EDGE_CURVE('',#797,#745,#805,.T.);
#805 = LINE('',#806,#807);
#806 = CARTESIAN_POINT('',(-4.585,28.55,13.));
#807 = VECTOR('',#808,1.);
#808 = DIRECTION('',(-1.,0.,0.));
#809 = PLANE('',#810);
#810 = AXIS2_PLACEMENT_3D('',#811,#812,#813);
#811 = CARTESIAN_POINT('',(-9.17,28.55,16.5));
#812 = DIRECTION('',(0.,1.,0.));
#813 = DIRECTION('',(-1.,0.,0.));
#814 = ADVANCED_FACE('',(#815),#833,.F.);
#815 = FACE_BOUND('',#816,.T.);
#816 = EDGE_LOOP('',(#817,#818,#819,#827));
#817 = ORIENTED_EDGE('',*,*,#752,.F.);
#818 = ORIENTED_EDGE('',*,*,#113,.T.);
#819 = ORIENTED_EDGE('',*,*,#820,.T.);
#820 = EDGE_CURVE('',#106,#821,#823,.T.);
#821 = VERTEX_POINT('',#822);
#822 = CARTESIAN_POINT('',(-31.55,22.97,13.5));
#823 = LINE('',#824,#825);
#824 = CARTESIAN_POINT('',(-33.05,22.97,15.));
#825 = VECTOR('',#826,1.);
#826 = DIRECTION('',(0.707106781187,0.,-0.707106781187));
#827 = ORIENTED_EDGE('',*,*,#828,.F.);
#828 = EDGE_CURVE('',#743,#821,#829,.T.);
#829 = LINE('',#830,#831);
#830 = CARTESIAN_POINT('',(-31.55,28.55,13.5));
#831 = VECTOR('',#832,1.);
#832 = DIRECTION('',(0.,-1.,0.));
#833 = PLANE('',#834);
#834 = AXIS2_PLACEMENT_3D('',#835,#836,#837);
#835 = CARTESIAN_POINT('',(-33.05,28.55,15.));
#836 = DIRECTION('',(-0.707106781187,0.,-0.707106781187));
#837 = DIRECTION('',(-0.,1.,-0.));
#838 = ADVANCED_FACE('',(#839),#857,.T.);
#839 = FACE_BOUND('',#840,.T.);
#840 = EDGE_LOOP('',(#841,#842,#843,#851));
#841 = ORIENTED_EDGE('',*,*,#39,.F.);
#842 = ORIENTED_EDGE('',*,*,#760,.F.);
#843 = ORIENTED_EDGE('',*,*,#844,.T.);
#844 = EDGE_CURVE('',#761,#845,#847,.T.);
#845 = VERTEX_POINT('',#846);
#846 = CARTESIAN_POINT('',(-24.465876,35.240074,16.49));
#847 = B_SPLINE_CURVE_WITH_KNOTS('',2,(#848,#849,#850),.UNSPECIFIED.,.F.
  ,.F.,(3,3),(0.,1.),.PIECEWISE_BEZIER_KNOTS.);
#848 = CARTESIAN_POINT('',(-26.298704,28.528843,16.49));
#849 = CARTESIAN_POINT('',(-26.0737,32.0545,16.49));
#850 = CARTESIAN_POINT('',(-24.465876,35.240074,16.49));
#851 = ORIENTED_EDGE('',*,*,#852,.F.);
#852 = EDGE_CURVE('',#40,#845,#853,.T.);
#853 = LINE('',#854,#855);
#854 = CARTESIAN_POINT('',(-24.465876,35.240074,16.5));
#855 = VECTOR('',#856,1.);
#856 = DIRECTION('',(-0.,-0.,-1.));
#857 = SURFACE_OF_LINEAR_EXTRUSION('',#858,#862);
#858 = B_SPLINE_CURVE_WITH_KNOTS('',2,(#859,#860,#861),.UNSPECIFIED.,.F.
  ,.F.,(3,3),(0.,1.),.PIECEWISE_BEZIER_KNOTS.);
#859 = CARTESIAN_POINT('',(-26.298704,28.528843,16.5));
#860 = CARTESIAN_POINT('',(-26.0737,32.0545,16.5));
#861 = CARTESIAN_POINT('',(-24.465876,35.240074,16.5));
#862 = VECTOR('',#863,1.);
#863 = DIRECTION('',(0.,0.,1.));
#864 = ADVANCED_FACE('',(#865),#901,.F.);
#865 = FACE_BOUND('',#866,.F.);
#866 = EDGE_LOOP('',(#867,#877,#883,#884,#885,#886,#887,#895));
#867 = ORIENTED_EDGE('',*,*,#868,.F.);
#868 = EDGE_CURVE('',#869,#871,#873,.T.);
#869 = VERTEX_POINT('',#870);
#870 = CARTESIAN_POINT('',(-9.17,22.97,13.5));
#871 = VERTEX_POINT('',#872);
#872 = CARTESIAN_POINT('',(-9.17,22.97,13.));
#873 = LINE('',#874,#875);
#874 = CARTESIAN_POINT('',(-9.17,22.97,16.5));
#875 = VECTOR('',#876,1.);
#876 = DIRECTION('',(-0.,-0.,-1.));
#877 = ORIENTED_EDGE('',*,*,#878,.F.);
#878 = EDGE_CURVE('',#82,#869,#879,.T.);
#879 = LINE('',#880,#881);
#880 = CARTESIAN_POINT('',(-13.265,22.97,9.405));
#881 = VECTOR('',#882,1.);
#882 = DIRECTION('',(-0.707106781187,-0.,-0.707106781187));
#883 = ORIENTED_EDGE('',*,*,#89,.F.);
#884 = ORIENTED_EDGE('',*,*,#97,.F.);
#885 = ORIENTED_EDGE('',*,*,#105,.T.);
#886 = ORIENTED_EDGE('',*,*,#820,.T.);
#887 = ORIENTED_EDGE('',*,*,#888,.T.);
#888 = EDGE_CURVE('',#821,#889,#891,.T.);
#889 = VERTEX_POINT('',#890);
#890 = CARTESIAN_POINT('',(-31.55,22.97,13.));
#891 = LINE('',#892,#893);
#892 = CARTESIAN_POINT('',(-31.55,22.97,16.5));
#893 = VECTOR('',#894,1.);
#894 = DIRECTION('',(-0.,-0.,-1.));
#895 = ORIENTED_EDGE('',*,*,#896,.T.);
#896 = EDGE_CURVE('',#889,#871,#897,.T.);
#897 = LINE('',#898,#899);
#898 = CARTESIAN_POINT('',(-15.775,22.97,13.));
#899 = VECTOR('',#900,1.);
#900 = DIRECTION('',(1.,0.,0.));
#901 = PLANE('',#902);
#902 = AXIS2_PLACEMENT_3D('',#903,#904,#905);
#903 = CARTESIAN_POINT('',(-31.55,22.97,16.5));
#904 = DIRECTION('',(0.,-1.,0.));
#905 = DIRECTION('',(1.,0.,0.));
#906 = ADVANCED_FACE('',(#907),#927,.T.);
#907 = FACE_BOUND('',#908,.T.);
#908 = EDGE_LOOP('',(#909,#910,#920,#926));
#909 = ORIENTED_EDGE('',*,*,#852,.T.);
#910 = ORIENTED_EDGE('',*,*,#911,.T.);
#911 = EDGE_CURVE('',#845,#912,#914,.T.);
#912 = VERTEX_POINT('',#913);
#913 = CARTESIAN_POINT('',(-17.201851,34.859665,16.49));
#914 = B_SPLINE_CURVE_WITH_KNOTS('',3,(#915,#916,#917,#918,#919),
  .UNSPECIFIED.,.F.,.F.,(4,1,4),(0.,0.5,1.),.QUASI_UNIFORM_KNOTS.);
#915 = CARTESIAN_POINT('',(-24.465876,35.240074,16.49));
#916 = CARTESIAN_POINT('',(-23.3428,33.3924,16.49));
#917 = CARTESIAN_POINT('',(-22.0204,33.2656,16.49));
#918 = CARTESIAN_POINT('',(-19.1945,33.1569,16.49));
#919 = CARTESIAN_POINT('',(-17.201851,34.859665,16.49));
#920 = ORIENTED_EDGE('',*,*,#921,.F.);
#921 = EDGE_CURVE('',#48,#912,#922,.T.);
#922 = LINE('',#923,#924);
#923 = CARTESIAN_POINT('',(-17.201851,34.859665,16.5));
#924 = VECTOR('',#925,1.);
#925 = DIRECTION('',(-0.,-0.,-1.));
#926 = ORIENTED_EDGE('',*,*,#47,.F.);
#927 = SURFACE_OF_LINEAR_EXTRUSION('',#928,#934);
#928 = B_SPLINE_CURVE_WITH_KNOTS('',3,(#929,#930,#931,#932,#933),
  .UNSPECIFIED.,.F.,.F.,(4,1,4),(0.,0.5,1.),.QUASI_UNIFORM_KNOTS.);
#929 = CARTESIAN_POINT('',(-24.465876,35.240074,16.5));
#930 = CARTESIAN_POINT('',(-23.3428,33.3924,16.5));
#931 = CARTESIAN_POINT('',(-22.0204,33.2656,16.5));
#932 = CARTESIAN_POINT('',(-19.1945,33.1569,16.5));
#933 = CARTESIAN_POINT('',(-17.201851,34.859665,16.5));
#934 = VECTOR('',#935,1.);
#935 = DIRECTION('',(0.,0.,1.));
#936 = ADVANCED_FACE('',(#937),#948,.F.);
#937 = FACE_BOUND('',#938,.F.);
#938 = EDGE_LOOP('',(#939,#940,#941,#947));
#939 = ORIENTED_EDGE('',*,*,#57,.F.);
#940 = ORIENTED_EDGE('',*,*,#778,.F.);
#941 = ORIENTED_EDGE('',*,*,#942,.T.);
#942 = EDGE_CURVE('',#771,#912,#943,.T.);
#943 = B_SPLINE_CURVE_WITH_KNOTS('',2,(#944,#945,#946),.UNSPECIFIED.,.F.
  ,.F.,(3,3),(0.,1.),.PIECEWISE_BEZIER_KNOTS.);
#944 = CARTESIAN_POINT('',(-15.798267,28.528843,16.49));
#945 = CARTESIAN_POINT('',(-15.354144,31.798265,16.49));
#946 = CARTESIAN_POINT('',(-17.201851,34.859665,16.49));
#947 = ORIENTED_EDGE('',*,*,#921,.F.);
#948 = SURFACE_OF_LINEAR_EXTRUSION('',#949,#953);
#949 = B_SPLINE_CURVE_WITH_KNOTS('',2,(#950,#951,#952),.UNSPECIFIED.,.F.
  ,.F.,(3,3),(0.,1.),.PIECEWISE_BEZIER_KNOTS.);
#950 = CARTESIAN_POINT('',(-15.798267,28.528843,16.5));
#951 = CARTESIAN_POINT('',(-15.354144,31.798265,16.5));
#952 = CARTESIAN_POINT('',(-17.201851,34.859665,16.5));
#953 = VECTOR('',#954,1.);
#954 = DIRECTION('',(0.,0.,1.));
#955 = ADVANCED_FACE('',(#956),#967,.F.);
#956 = FACE_BOUND('',#957,.T.);
#957 = EDGE_LOOP('',(#958,#959,#960,#961));
#958 = ORIENTED_EDGE('',*,*,#878,.F.);
#959 = ORIENTED_EDGE('',*,*,#81,.T.);
#960 = ORIENTED_EDGE('',*,*,#788,.T.);
#961 = ORIENTED_EDGE('',*,*,#962,.F.);
#962 = EDGE_CURVE('',#869,#789,#963,.T.);
#963 = LINE('',#964,#965);
#964 = CARTESIAN_POINT('',(-9.17,22.97,13.5));
#965 = VECTOR('',#966,1.);
#966 = DIRECTION('',(0.,1.,0.));
#967 = PLANE('',#968);
#968 = AXIS2_PLACEMENT_3D('',#969,#970,#971);
#969 = CARTESIAN_POINT('',(-7.67,22.97,15.));
#970 = DIRECTION('',(0.707106781187,0.,-0.707106781187));
#971 = DIRECTION('',(-0.,-1.,-0.));
#972 = ADVANCED_FACE('',(#973),#1046,.T.);
#973 = FACE_BOUND('',#974,.T.);
#974 = EDGE_LOOP('',(#975,#985,#993,#1001,#1009,#1017,#1025,#1033,#1039,
    #1040));
#975 = ORIENTED_EDGE('',*,*,#976,.F.);
#976 = EDGE_CURVE('',#977,#979,#981,.T.);
#977 = VERTEX_POINT('',#978);
#978 = CARTESIAN_POINT('',(-42.,-43.275,10.1));
#979 = VERTEX_POINT('',#980);
#980 = CARTESIAN_POINT('',(-47.9,-43.275,10.1));
#981 = LINE('',#982,#983);
#982 = CARTESIAN_POINT('',(-42.,-43.275,10.1));
#983 = VECTOR('',#984,1.);
#984 = DIRECTION('',(-1.,0.,0.));
#985 = ORIENTED_EDGE('',*,*,#986,.F.);
#986 = EDGE_CURVE('',#987,#977,#989,.T.);
#987 = VERTEX_POINT('',#988);
#988 = CARTESIAN_POINT('',(-42.,-43.275,10.11));
#989 = LINE('',#990,#991);
#990 = CARTESIAN_POINT('',(-42.,-43.275,13.));
#991 = VECTOR('',#992,1.);
#992 = DIRECTION('',(-0.,-0.,-1.));
#993 = ORIENTED_EDGE('',*,*,#994,.F.);
#994 = EDGE_CURVE('',#995,#987,#997,.T.);
#995 = VERTEX_POINT('',#996);
#996 = CARTESIAN_POINT('',(-39.11,-43.275,13.));
#997 = LINE('',#998,#999);
#998 = CARTESIAN_POINT('',(-29.7125274977,-43.275,22.397472502291));
#999 = VECTOR('',#1000,1.);
#1000 = DIRECTION('',(-0.707106781187,0.,-0.707106781187));
#1001 = ORIENTED_EDGE('',*,*,#1002,.T.);
#1002 = EDGE_CURVE('',#995,#1003,#1005,.T.);
#1003 = VERTEX_POINT('',#1004);
#1004 = CARTESIAN_POINT('',(39.11,-43.275,13.));
#1005 = LINE('',#1006,#1007);
#1006 = CARTESIAN_POINT('',(-49.9,-43.275,13.));
#1007 = VECTOR('',#1008,1.);
#1008 = DIRECTION('',(1.,0.,0.));
#1009 = ORIENTED_EDGE('',*,*,#1010,.T.);
#1010 = EDGE_CURVE('',#1003,#1011,#1013,.T.);
#1011 = VERTEX_POINT('',#1012);
#1012 = CARTESIAN_POINT('',(42.,-43.275,10.11));
#1013 = LINE('',#1014,#1015);
#1014 = CARTESIAN_POINT('',(29.712527497709,-43.275,22.397472502291));
#1015 = VECTOR('',#1016,1.);
#1016 = DIRECTION('',(0.707106781187,0.,-0.707106781187));
#1017 = ORIENTED_EDGE('',*,*,#1018,.T.);
#1018 = EDGE_CURVE('',#1011,#1019,#1021,.T.);
#1019 = VERTEX_POINT('',#1020);
#1020 = CARTESIAN_POINT('',(42.,-43.275,10.1));
#1021 = LINE('',#1022,#1023);
#1022 = CARTESIAN_POINT('',(42.,-43.275,13.));
#1023 = VECTOR('',#1024,1.);
#1024 = DIRECTION('',(-0.,-0.,-1.));
#1025 = ORIENTED_EDGE('',*,*,#1026,.T.);
#1026 = EDGE_CURVE('',#1019,#1027,#1029,.T.);
#1027 = VERTEX_POINT('',#1028);
#1028 = CARTESIAN_POINT('',(47.9,-43.275,10.1));
#1029 = LINE('',#1030,#1031);
#1030 = CARTESIAN_POINT('',(42.,-43.275,10.1));
#1031 = VECTOR('',#1032,1.);
#1032 = DIRECTION('',(1.,0.,0.));
#1033 = ORIENTED_EDGE('',*,*,#1034,.F.);
#1034 = EDGE_CURVE('',#124,#1027,#1035,.T.);
#1035 = LINE('',#1036,#1037);
#1036 = CARTESIAN_POINT('',(47.9,-43.275,16.5));
#1037 = VECTOR('',#1038,1.);
#1038 = DIRECTION('',(-0.,-0.,-1.));
#1039 = ORIENTED_EDGE('',*,*,#121,.F.);
#1040 = ORIENTED_EDGE('',*,*,#1041,.F.);
#1041 = EDGE_CURVE('',#979,#122,#1042,.T.);
#1042 = LINE('',#1043,#1044);
#1043 = CARTESIAN_POINT('',(-47.9,-43.275,10.1));
#1044 = VECTOR('',#1045,1.);
#1045 = DIRECTION('',(0.,0.,1.));
#1046 = PLANE('',#1047);
#1047 = AXIS2_PLACEMENT_3D('',#1048,#1049,#1050);
#1048 = CARTESIAN_POINT('',(0.,-43.275,14.369890009166));
#1049 = DIRECTION('',(-0.,-1.,-0.));
#1050 = DIRECTION('',(0.,0.,-1.));
#1051 = ADVANCED_FACE('',(#1052),#1070,.T.);
#1052 = FACE_BOUND('',#1053,.F.);
#1053 = EDGE_LOOP('',(#1054,#1062,#1068,#1069));
#1054 = ORIENTED_EDGE('',*,*,#1055,.F.);
#1055 = EDGE_CURVE('',#1056,#979,#1058,.T.);
#1056 = VERTEX_POINT('',#1057);
#1057 = CARTESIAN_POINT('',(-49.9,-41.275,10.1));
#1058 = LINE('',#1059,#1060);
#1059 = CARTESIAN_POINT('',(-47.24375,-43.93125,10.1));
#1060 = VECTOR('',#1061,1.);
#1061 = DIRECTION('',(0.707106781187,-0.707106781187,0.));
#1062 = ORIENTED_EDGE('',*,*,#1063,.T.);
#1063 = EDGE_CURVE('',#1056,#172,#1064,.T.);
#1064 = LINE('',#1065,#1066);
#1065 = CARTESIAN_POINT('',(-49.9,-41.275,10.1));
#1066 = VECTOR('',#1067,1.);
#1067 = DIRECTION('',(0.,0.,1.));
#1068 = ORIENTED_EDGE('',*,*,#179,.T.);
#1069 = ORIENTED_EDGE('',*,*,#1041,.F.);
#1070 = PLANE('',#1071);
#1071 = AXIS2_PLACEMENT_3D('',#1072,#1073,#1074);
#1072 = CARTESIAN_POINT('',(-48.9,-42.275,10.1));
#1073 = DIRECTION('',(-0.707106781187,-0.707106781187,0.));
#1074 = DIRECTION('',(-0.,-0.,-1.));
#1075 = ADVANCED_FACE('',(#1076),#1094,.T.);
#1076 = FACE_BOUND('',#1077,.T.);
#1077 = EDGE_LOOP('',(#1078,#1079,#1080,#1088));
#1078 = ORIENTED_EDGE('',*,*,#131,.F.);
#1079 = ORIENTED_EDGE('',*,*,#1034,.T.);
#1080 = ORIENTED_EDGE('',*,*,#1081,.T.);
#1081 = EDGE_CURVE('',#1027,#1082,#1084,.T.);
#1082 = VERTEX_POINT('',#1083);
#1083 = CARTESIAN_POINT('',(49.9,-41.275,10.1));
#1084 = LINE('',#1085,#1086);
#1085 = CARTESIAN_POINT('',(47.24375,-43.93125,10.1));
#1086 = VECTOR('',#1087,1.);
#1087 = DIRECTION('',(0.707106781187,0.707106781187,0.));
#1088 = ORIENTED_EDGE('',*,*,#1089,.F.);
#1089 = EDGE_CURVE('',#132,#1082,#1090,.T.);
#1090 = LINE('',#1091,#1092);
#1091 = CARTESIAN_POINT('',(49.9,-41.275,16.5));
#1092 = VECTOR('',#1093,1.);
#1093 = DIRECTION('',(-0.,-0.,-1.));
#1094 = PLANE('',#1095);
#1095 = AXIS2_PLACEMENT_3D('',#1096,#1097,#1098);
#1096 = CARTESIAN_POINT('',(48.9,-42.275,16.5));
#1097 = DIRECTION('',(0.707106781187,-0.707106781187,0.));
#1098 = DIRECTION('',(0.,0.,-1.));
#1099 = ADVANCED_FACE('',(#1100),#1166,.T.);
#1100 = FACE_BOUND('',#1101,.T.);
#1101 = EDGE_LOOP('',(#1102,#1112,#1120,#1128,#1136,#1144,#1152,#1158,
    #1159,#1160));
#1102 = ORIENTED_EDGE('',*,*,#1103,.T.);
#1103 = EDGE_CURVE('',#1104,#1106,#1108,.T.);
#1104 = VERTEX_POINT('',#1105);
#1105 = CARTESIAN_POINT('',(-49.9,41.275,10.1));
#1106 = VERTEX_POINT('',#1107);
#1107 = CARTESIAN_POINT('',(-49.9,35.375,10.1));
#1108 = LINE('',#1109,#1110);
#1109 = CARTESIAN_POINT('',(-49.9,43.275,10.1));
#1110 = VECTOR('',#1111,1.);
#1111 = DIRECTION('',(0.,-1.,0.));
#1112 = ORIENTED_EDGE('',*,*,#1113,.F.);
#1113 = EDGE_CURVE('',#1114,#1106,#1116,.T.);
#1114 = VERTEX_POINT('',#1115);
#1115 = CARTESIAN_POINT('',(-49.9,35.375,10.11));
#1116 = LINE('',#1117,#1118);
#1117 = CARTESIAN_POINT('',(-49.9,35.375,13.));
#1118 = VECTOR('',#1119,1.);
#1119 = DIRECTION('',(-0.,-0.,-1.));
#1120 = ORIENTED_EDGE('',*,*,#1121,.F.);
#1121 = EDGE_CURVE('',#1122,#1114,#1124,.T.);
#1122 = VERTEX_POINT('',#1123);
#1123 = CARTESIAN_POINT('',(-49.9,32.485,13.));
#1124 = LINE('',#1125,#1126);
#1125 = CARTESIAN_POINT('',(-49.9,24.7569137976,20.7280862024));
#1126 = VECTOR('',#1127,1.);
#1127 = DIRECTION('',(0.,0.707106781187,-0.707106781187));
#1128 = ORIENTED_EDGE('',*,*,#1129,.T.);
#1129 = EDGE_CURVE('',#1122,#1130,#1132,.T.);
#1130 = VERTEX_POINT('',#1131);
#1131 = CARTESIAN_POINT('',(-49.9,-32.485,13.));
#1132 = LINE('',#1133,#1134);
#1133 = CARTESIAN_POINT('',(-49.9,43.275,13.));
#1134 = VECTOR('',#1135,1.);
#1135 = DIRECTION('',(0.,-1.,0.));
#1136 = ORIENTED_EDGE('',*,*,#1137,.T.);
#1137 = EDGE_CURVE('',#1130,#1138,#1140,.T.);
#1138 = VERTEX_POINT('',#1139);
#1139 = CARTESIAN_POINT('',(-49.9,-35.375,10.11));
#1140 = LINE('',#1141,#1142);
#1141 = CARTESIAN_POINT('',(-49.9,-24.7569137976,20.7280862024));
#1142 = VECTOR('',#1143,1.);
#1143 = DIRECTION('',(0.,-0.707106781187,-0.707106781187));
#1144 = ORIENTED_EDGE('',*,*,#1145,.T.);
#1145 = EDGE_CURVE('',#1138,#1146,#1148,.T.);
#1146 = VERTEX_POINT('',#1147);
#1147 = CARTESIAN_POINT('',(-49.9,-35.375,10.1));
#1148 = LINE('',#1149,#1150);
#1149 = CARTESIAN_POINT('',(-49.9,-35.375,13.));
#1150 = VECTOR('',#1151,1.);
#1151 = DIRECTION('',(-0.,-0.,-1.));
#1152 = ORIENTED_EDGE('',*,*,#1153,.F.);
#1153 = EDGE_CURVE('',#1056,#1146,#1154,.T.);
#1154 = LINE('',#1155,#1156);
#1155 = CARTESIAN_POINT('',(-49.9,-43.275,10.1));
#1156 = VECTOR('',#1157,1.);
#1157 = DIRECTION('',(0.,1.,0.));
#1158 = ORIENTED_EDGE('',*,*,#1063,.T.);
#1159 = ORIENTED_EDGE('',*,*,#171,.F.);
#1160 = ORIENTED_EDGE('',*,*,#1161,.F.);
#1161 = EDGE_CURVE('',#1104,#164,#1162,.T.);
#1162 = LINE('',#1163,#1164);
#1163 = CARTESIAN_POINT('',(-49.9,41.275,10.1));
#1164 = VECTOR('',#1165,1.);
#1165 = DIRECTION('',(0.,0.,1.));
#1166 = PLANE('',#1167);
#1167 = AXIS2_PLACEMENT_3D('',#1168,#1169,#1170);
#1168 = CARTESIAN_POINT('',(-49.9,-1.186091160372E-15,14.317344809598));
#1169 = DIRECTION('',(-1.,-0.,-0.));
#1170 = DIRECTION('',(0.,0.,-1.));
#1171 = ADVANCED_FACE('',(#1172),#1238,.T.);
#1172 = FACE_BOUND('',#1173,.T.);
#1173 = EDGE_LOOP('',(#1174,#1182,#1190,#1198,#1206,#1214,#1222,#1230,
    #1236,#1237));
#1174 = ORIENTED_EDGE('',*,*,#1175,.T.);
#1175 = EDGE_CURVE('',#1082,#1176,#1178,.T.);
#1176 = VERTEX_POINT('',#1177);
#1177 = CARTESIAN_POINT('',(49.9,-35.375,10.1));
#1178 = LINE('',#1179,#1180);
#1179 = CARTESIAN_POINT('',(49.9,-43.275,10.1));
#1180 = VECTOR('',#1181,1.);
#1181 = DIRECTION('',(0.,1.,0.));
#1182 = ORIENTED_EDGE('',*,*,#1183,.F.);
#1183 = EDGE_CURVE('',#1184,#1176,#1186,.T.);
#1184 = VERTEX_POINT('',#1185);
#1185 = CARTESIAN_POINT('',(49.9,-35.375,10.11));
#1186 = LINE('',#1187,#1188);
#1187 = CARTESIAN_POINT('',(49.9,-35.375,13.));
#1188 = VECTOR('',#1189,1.);
#1189 = DIRECTION('',(-0.,-0.,-1.));
#1190 = ORIENTED_EDGE('',*,*,#1191,.F.);
#1191 = EDGE_CURVE('',#1192,#1184,#1194,.T.);
#1192 = VERTEX_POINT('',#1193);
#1193 = CARTESIAN_POINT('',(49.9,-32.485,13.));
#1194 = LINE('',#1195,#1196);
#1195 = CARTESIAN_POINT('',(49.9,-24.7569137976,20.7280862024));
#1196 = VECTOR('',#1197,1.);
#1197 = DIRECTION('',(0.,-0.707106781187,-0.707106781187));
#1198 = ORIENTED_EDGE('',*,*,#1199,.T.);
#1199 = EDGE_CURVE('',#1192,#1200,#1202,.T.);
#1200 = VERTEX_POINT('',#1201);
#1201 = CARTESIAN_POINT('',(49.9,32.485,13.));
#1202 = LINE('',#1203,#1204);
#1203 = CARTESIAN_POINT('',(49.9,-43.275,13.));
#1204 = VECTOR('',#1205,1.);
#1205 = DIRECTION('',(0.,1.,0.));
#1206 = ORIENTED_EDGE('',*,*,#1207,.T.);
#1207 = EDGE_CURVE('',#1200,#1208,#1210,.T.);
#1208 = VERTEX_POINT('',#1209);
#1209 = CARTESIAN_POINT('',(49.9,35.375,10.11));
#1210 = LINE('',#1211,#1212);
#1211 = CARTESIAN_POINT('',(49.9,24.7569137976,20.7280862024));
#1212 = VECTOR('',#1213,1.);
#1213 = DIRECTION('',(0.,0.707106781187,-0.707106781187));
#1214 = ORIENTED_EDGE('',*,*,#1215,.T.);
#1215 = EDGE_CURVE('',#1208,#1216,#1218,.T.);
#1216 = VERTEX_POINT('',#1217);
#1217 = CARTESIAN_POINT('',(49.9,35.375,10.1));
#1218 = LINE('',#1219,#1220);
#1219 = CARTESIAN_POINT('',(49.9,35.375,13.));
#1220 = VECTOR('',#1221,1.);
#1221 = DIRECTION('',(-0.,-0.,-1.));
#1222 = ORIENTED_EDGE('',*,*,#1223,.F.);
#1223 = EDGE_CURVE('',#1224,#1216,#1226,.T.);
#1224 = VERTEX_POINT('',#1225);
#1225 = CARTESIAN_POINT('',(49.9,41.275,10.1));
#1226 = LINE('',#1227,#1228);
#1227 = CARTESIAN_POINT('',(49.9,43.275,10.1));
#1228 = VECTOR('',#1229,1.);
#1229 = DIRECTION('',(0.,-1.,0.));
#1230 = ORIENTED_EDGE('',*,*,#1231,.F.);
#1231 = EDGE_CURVE('',#140,#1224,#1232,.T.);
#1232 = LINE('',#1233,#1234);
#1233 = CARTESIAN_POINT('',(49.9,41.275,16.5));
#1234 = VECTOR('',#1235,1.);
#1235 = DIRECTION('',(-0.,-0.,-1.));
#1236 = ORIENTED_EDGE('',*,*,#139,.F.);
#1237 = ORIENTED_EDGE('',*,*,#1089,.T.);
#1238 = PLANE('',#1239);
#1239 = AXIS2_PLACEMENT_3D('',#1240,#1241,#1242);
#1240 = CARTESIAN_POINT('',(49.9,1.186091160372E-15,14.317344809598));
#1241 = DIRECTION('',(1.,0.,0.));
#1242 = DIRECTION('',(0.,0.,1.));
#1243 = ADVANCED_FACE('',(#1244),#1262,.T.);
#1244 = FACE_BOUND('',#1245,.T.);
#1245 = EDGE_LOOP('',(#1246,#1254,#1255,#1256));
#1246 = ORIENTED_EDGE('',*,*,#1247,.F.);
#1247 = EDGE_CURVE('',#1104,#1248,#1250,.T.);
#1248 = VERTEX_POINT('',#1249);
#1249 = CARTESIAN_POINT('',(-47.9,43.275,10.1));
#1250 = LINE('',#1251,#1252);
#1251 = CARTESIAN_POINT('',(-47.24375,43.93125,10.1));
#1252 = VECTOR('',#1253,1.);
#1253 = DIRECTION('',(0.707106781187,0.707106781187,0.));
#1254 = ORIENTED_EDGE('',*,*,#1161,.T.);
#1255 = ORIENTED_EDGE('',*,*,#163,.T.);
#1256 = ORIENTED_EDGE('',*,*,#1257,.F.);
#1257 = EDGE_CURVE('',#1248,#156,#1258,.T.);
#1258 = LINE('',#1259,#1260);
#1259 = CARTESIAN_POINT('',(-47.9,43.275,10.1));
#1260 = VECTOR('',#1261,1.);
#1261 = DIRECTION('',(0.,0.,1.));
#1262 = PLANE('',#1263);
#1263 = AXIS2_PLACEMENT_3D('',#1264,#1265,#1266);
#1264 = CARTESIAN_POINT('',(-48.9,42.275,10.1));
#1265 = DIRECTION('',(-0.707106781187,0.707106781187,0.));
#1266 = DIRECTION('',(0.,0.,1.));
#1267 = ADVANCED_FACE('',(#1268),#1286,.T.);
#1268 = FACE_BOUND('',#1269,.F.);
#1269 = EDGE_LOOP('',(#1270,#1271,#1279,#1285));
#1270 = ORIENTED_EDGE('',*,*,#147,.F.);
#1271 = ORIENTED_EDGE('',*,*,#1272,.T.);
#1272 = EDGE_CURVE('',#148,#1273,#1275,.T.);
#1273 = VERTEX_POINT('',#1274);
#1274 = CARTESIAN_POINT('',(47.9,43.275,10.1));
#1275 = LINE('',#1276,#1277);
#1276 = CARTESIAN_POINT('',(47.9,43.275,16.5));
#1277 = VECTOR('',#1278,1.);
#1278 = DIRECTION('',(-0.,-0.,-1.));
#1279 = ORIENTED_EDGE('',*,*,#1280,.T.);
#1280 = EDGE_CURVE('',#1273,#1224,#1281,.T.);
#1281 = LINE('',#1282,#1283);
#1282 = CARTESIAN_POINT('',(47.24375,43.93125,10.1));
#1283 = VECTOR('',#1284,1.);
#1284 = DIRECTION('',(0.707106781187,-0.707106781187,0.));
#1285 = ORIENTED_EDGE('',*,*,#1231,.F.);
#1286 = PLANE('',#1287);
#1287 = AXIS2_PLACEMENT_3D('',#1288,#1289,#1290);
#1288 = CARTESIAN_POINT('',(48.9,42.275,16.5));
#1289 = DIRECTION('',(0.707106781187,0.707106781187,0.));
#1290 = DIRECTION('',(0.,0.,1.));
#1291 = ADVANCED_FACE('',(#1292),#1351,.T.);
#1292 = FACE_BOUND('',#1293,.T.);
#1293 = EDGE_LOOP('',(#1294,#1302,#1310,#1318,#1326,#1334,#1342,#1348,
    #1349,#1350));
#1294 = ORIENTED_EDGE('',*,*,#1295,.F.);
#1295 = EDGE_CURVE('',#1296,#1273,#1298,.T.);
#1296 = VERTEX_POINT('',#1297);
#1297 = CARTESIAN_POINT('',(42.,43.275,10.1));
#1298 = LINE('',#1299,#1300);
#1299 = CARTESIAN_POINT('',(42.,43.275,10.1));
#1300 = VECTOR('',#1301,1.);
#1301 = DIRECTION('',(1.,0.,0.));
#1302 = ORIENTED_EDGE('',*,*,#1303,.F.);
#1303 = EDGE_CURVE('',#1304,#1296,#1306,.T.);
#1304 = VERTEX_POINT('',#1305);
#1305 = CARTESIAN_POINT('',(42.,43.275,10.11));
#1306 = LINE('',#1307,#1308);
#1307 = CARTESIAN_POINT('',(42.,43.275,13.));
#1308 = VECTOR('',#1309,1.);
#1309 = DIRECTION('',(-0.,-0.,-1.));
#1310 = ORIENTED_EDGE('',*,*,#1311,.F.);
#1311 = EDGE_CURVE('',#1312,#1304,#1314,.T.);
#1312 = VERTEX_POINT('',#1313);
#1313 = CARTESIAN_POINT('',(39.11,43.275,13.));
#1314 = LINE('',#1315,#1316);
#1315 = CARTESIAN_POINT('',(29.712527497709,43.275,22.397472502291));
#1316 = VECTOR('',#1317,1.);
#1317 = DIRECTION('',(0.707106781187,0.,-0.707106781187));
#1318 = ORIENTED_EDGE('',*,*,#1319,.T.);
#1319 = EDGE_CURVE('',#1312,#1320,#1322,.T.);
#1320 = VERTEX_POINT('',#1321);
#1321 = CARTESIAN_POINT('',(-39.11,43.275,13.));
#1322 = LINE('',#1323,#1324);
#1323 = CARTESIAN_POINT('',(49.9,43.275,13.));
#1324 = VECTOR('',#1325,1.);
#1325 = DIRECTION('',(-1.,0.,0.));
#1326 = ORIENTED_EDGE('',*,*,#1327,.T.);
#1327 = EDGE_CURVE('',#1320,#1328,#1330,.T.);
#1328 = VERTEX_POINT('',#1329);
#1329 = CARTESIAN_POINT('',(-42.,43.275,10.11));
#1330 = LINE('',#1331,#1332);
#1331 = CARTESIAN_POINT('',(-29.7125274977,43.275,22.397472502291));
#1332 = VECTOR('',#1333,1.);
#1333 = DIRECTION('',(-0.707106781187,0.,-0.707106781187));
#1334 = ORIENTED_EDGE('',*,*,#1335,.T.);
#1335 = EDGE_CURVE('',#1328,#1336,#1338,.T.);
#1336 = VERTEX_POINT('',#1337);
#1337 = CARTESIAN_POINT('',(-42.,43.275,10.1));
#1338 = LINE('',#1339,#1340);
#1339 = CARTESIAN_POINT('',(-42.,43.275,13.));
#1340 = VECTOR('',#1341,1.);
#1341 = DIRECTION('',(-0.,-0.,-1.));
#1342 = ORIENTED_EDGE('',*,*,#1343,.T.);
#1343 = EDGE_CURVE('',#1336,#1248,#1344,.T.);
#1344 = LINE('',#1345,#1346);
#1345 = CARTESIAN_POINT('',(-42.,43.275,10.1));
#1346 = VECTOR('',#1347,1.);
#1347 = DIRECTION('',(-1.,0.,0.));
#1348 = ORIENTED_EDGE('',*,*,#1257,.T.);
#1349 = ORIENTED_EDGE('',*,*,#155,.F.);
#1350 = ORIENTED_EDGE('',*,*,#1272,.T.);
#1351 = PLANE('',#1352);
#1352 = AXIS2_PLACEMENT_3D('',#1353,#1354,#1355);
#1353 = CARTESIAN_POINT('',(0.,43.275,14.369890009166));
#1354 = DIRECTION('',(0.,1.,0.));
#1355 = DIRECTION('',(0.,0.,1.));
#1356 = ADVANCED_FACE('',(#1357),#1382,.F.);
#1357 = FACE_BOUND('',#1358,.F.);
#1358 = EDGE_LOOP('',(#1359,#1360,#1368,#1376));
#1359 = ORIENTED_EDGE('',*,*,#187,.F.);
#1360 = ORIENTED_EDGE('',*,*,#1361,.T.);
#1361 = EDGE_CURVE('',#188,#1362,#1364,.T.);
#1362 = VERTEX_POINT('',#1363);
#1363 = CARTESIAN_POINT('',(-38.4,-11.6,13.));
#1364 = LINE('',#1365,#1366);
#1365 = CARTESIAN_POINT('',(-38.4,-11.6,16.5));
#1366 = VECTOR('',#1367,1.);
#1367 = DIRECTION('',(-0.,-0.,-1.));
#1368 = ORIENTED_EDGE('',*,*,#1369,.T.);
#1369 = EDGE_CURVE('',#1362,#1370,#1372,.T.);
#1370 = VERTEX_POINT('',#1371);
#1371 = CARTESIAN_POINT('',(-38.4,-31.4,13.));
#1372 = LINE('',#1373,#1374);
#1373 = CARTESIAN_POINT('',(-38.4,-5.8,13.));
#1374 = VECTOR('',#1375,1.);
#1375 = DIRECTION('',(0.,-1.,0.));
#1376 = ORIENTED_EDGE('',*,*,#1377,.F.);
#1377 = EDGE_CURVE('',#190,#1370,#1378,.T.);
#1378 = LINE('',#1379,#1380);
#1379 = CARTESIAN_POINT('',(-38.4,-31.4,16.5));
#1380 = VECTOR('',#1381,1.);
#1381 = DIRECTION('',(-0.,-0.,-1.));
#1382 = PLANE('',#1383);
#1383 = AXIS2_PLACEMENT_3D('',#1384,#1385,#1386);
#1384 = CARTESIAN_POINT('',(-38.4,-11.6,16.5));
#1385 = DIRECTION('',(-1.,0.,0.));
#1386 = DIRECTION('',(0.,-1.,0.));
#1387 = ADVANCED_FACE('',(#1388),#1406,.F.);
#1388 = FACE_BOUND('',#1389,.F.);
#1389 = EDGE_LOOP('',(#1390,#1391,#1399,#1405));
#1390 = ORIENTED_EDGE('',*,*,#197,.F.);
#1391 = ORIENTED_EDGE('',*,*,#1392,.T.);
#1392 = EDGE_CURVE('',#198,#1393,#1395,.T.);
#1393 = VERTEX_POINT('',#1394);
#1394 = CARTESIAN_POINT('',(38.4,-11.6,13.));
#1395 = LINE('',#1396,#1397);
#1396 = CARTESIAN_POINT('',(38.4,-11.6,16.5));
#1397 = VECTOR('',#1398,1.);
#1398 = DIRECTION('',(-0.,-0.,-1.));
#1399 = ORIENTED_EDGE('',*,*,#1400,.T.);
#1400 = EDGE_CURVE('',#1393,#1362,#1401,.T.);
#1401 = LINE('',#1402,#1403);
#1402 = CARTESIAN_POINT('',(19.2,-11.6,13.));
#1403 = VECTOR('',#1404,1.);
#1404 = DIRECTION('',(-1.,0.,0.));
#1405 = ORIENTED_EDGE('',*,*,#1361,.F.);
#1406 = PLANE('',#1407);
#1407 = AXIS2_PLACEMENT_3D('',#1408,#1409,#1410);
#1408 = CARTESIAN_POINT('',(38.4,-11.6,16.5));
#1409 = DIRECTION('',(0.,1.,0.));
#1410 = DIRECTION('',(-1.,0.,0.));
#1411 = ADVANCED_FACE('',(#1412),#1430,.F.);
#1412 = FACE_BOUND('',#1413,.F.);
#1413 = EDGE_LOOP('',(#1414,#1415,#1416,#1424));
#1414 = ORIENTED_EDGE('',*,*,#213,.F.);
#1415 = ORIENTED_EDGE('',*,*,#1377,.T.);
#1416 = ORIENTED_EDGE('',*,*,#1417,.T.);
#1417 = EDGE_CURVE('',#1370,#1418,#1420,.T.);
#1418 = VERTEX_POINT('',#1419);
#1419 = CARTESIAN_POINT('',(38.4,-31.4,13.));
#1420 = LINE('',#1421,#1422);
#1421 = CARTESIAN_POINT('',(-19.2,-31.4,13.));
#1422 = VECTOR('',#1423,1.);
#1423 = DIRECTION('',(1.,0.,0.));
#1424 = ORIENTED_EDGE('',*,*,#1425,.F.);
#1425 = EDGE_CURVE('',#206,#1418,#1426,.T.);
#1426 = LINE('',#1427,#1428);
#1427 = CARTESIAN_POINT('',(38.4,-31.4,16.5));
#1428 = VECTOR('',#1429,1.);
#1429 = DIRECTION('',(-0.,-0.,-1.));
#1430 = PLANE('',#1431);
#1431 = AXIS2_PLACEMENT_3D('',#1432,#1433,#1434);
#1432 = CARTESIAN_POINT('',(-38.4,-31.4,16.5));
#1433 = DIRECTION('',(0.,-1.,0.));
#1434 = DIRECTION('',(1.,0.,0.));
#1435 = ADVANCED_FACE('',(#1436),#1447,.F.);
#1436 = FACE_BOUND('',#1437,.F.);
#1437 = EDGE_LOOP('',(#1438,#1439,#1440,#1446));
#1438 = ORIENTED_EDGE('',*,*,#205,.F.);
#1439 = ORIENTED_EDGE('',*,*,#1425,.T.);
#1440 = ORIENTED_EDGE('',*,*,#1441,.T.);
#1441 = EDGE_CURVE('',#1418,#1393,#1442,.T.);
#1442 = LINE('',#1443,#1444);
#1443 = CARTESIAN_POINT('',(38.4,-15.7,13.));
#1444 = VECTOR('',#1445,1.);
#1445 = DIRECTION('',(0.,1.,0.));
#1446 = ORIENTED_EDGE('',*,*,#1392,.F.);
#1447 = PLANE('',#1448);
#1448 = AXIS2_PLACEMENT_3D('',#1449,#1450,#1451);
#1449 = CARTESIAN_POINT('',(38.4,-31.4,16.5));
#1450 = DIRECTION('',(1.,0.,0.));
#1451 = DIRECTION('',(0.,1.,0.));
#1452 = ADVANCED_FACE('',(#1453),#1478,.F.);
#1453 = FACE_BOUND('',#1454,.F.);
#1454 = EDGE_LOOP('',(#1455,#1463,#1471,#1477));
#1455 = ORIENTED_EDGE('',*,*,#1456,.T.);
#1456 = EDGE_CURVE('',#222,#1457,#1459,.T.);
#1457 = VERTEX_POINT('',#1458);
#1458 = CARTESIAN_POINT('',(-28.093542,22.120787,16.49));
#1459 = LINE('',#1460,#1461);
#1460 = CARTESIAN_POINT('',(-28.093542,22.120787,16.5));
#1461 = VECTOR('',#1462,1.);
#1462 = DIRECTION('',(-0.,-0.,-1.));
#1463 = ORIENTED_EDGE('',*,*,#1464,.T.);
#1464 = EDGE_CURVE('',#1457,#1465,#1467,.T.);
#1465 = VERTEX_POINT('',#1466);
#1466 = CARTESIAN_POINT('',(-34.689426,19.953012,16.49));
#1467 = LINE('',#1468,#1469);
#1468 = CARTESIAN_POINT('',(-28.093542,22.120787,16.49));
#1469 = VECTOR('',#1470,1.);
#1470 = DIRECTION('',(-0.950007999072,-0.312225562213,0.));
#1471 = ORIENTED_EDGE('',*,*,#1472,.F.);
#1472 = EDGE_CURVE('',#224,#1465,#1473,.T.);
#1473 = LINE('',#1474,#1475);
#1474 = CARTESIAN_POINT('',(-34.689426,19.953012,16.5));
#1475 = VECTOR('',#1476,1.);
#1476 = DIRECTION('',(-0.,-0.,-1.));
#1477 = ORIENTED_EDGE('',*,*,#221,.F.);
#1478 = PLANE('',#1479);
#1479 = AXIS2_PLACEMENT_3D('',#1480,#1481,#1482);
#1480 = CARTESIAN_POINT('',(-28.093542,22.120787,16.5));
#1481 = DIRECTION('',(-0.312225562213,0.950007999072,0.));
#1482 = DIRECTION('',(-0.950007999072,-0.312225562213,0.));
#1483 = ADVANCED_FACE('',(#1484),#1502,.F.);
#1484 = FACE_BOUND('',#1485,.F.);
#1485 = EDGE_LOOP('',(#1486,#1487,#1495,#1501));
#1486 = ORIENTED_EDGE('',*,*,#1472,.T.);
#1487 = ORIENTED_EDGE('',*,*,#1488,.T.);
#1488 = EDGE_CURVE('',#1465,#1489,#1491,.T.);
#1489 = VERTEX_POINT('',#1490);
#1490 = CARTESIAN_POINT('',(-31.427364,16.825748,16.49));
#1491 = LINE('',#1492,#1493);
#1492 = CARTESIAN_POINT('',(-34.689426,19.953012,16.49));
#1493 = VECTOR('',#1494,1.);
#1494 = DIRECTION('',(0.721864244659,-0.692034690086,0.));
#1495 = ORIENTED_EDGE('',*,*,#1496,.F.);
#1496 = EDGE_CURVE('',#256,#1489,#1497,.T.);
#1497 = LINE('',#1498,#1499);
#1498 = CARTESIAN_POINT('',(-31.427364,16.825748,16.5));
#1499 = VECTOR('',#1500,1.);
#1500 = DIRECTION('',(-0.,-0.,-1.));
#1501 = ORIENTED_EDGE('',*,*,#263,.F.);
#1502 = PLANE('',#1503);
#1503 = AXIS2_PLACEMENT_3D('',#1504,#1505,#1506);
#1504 = CARTESIAN_POINT('',(-34.689426,19.953012,16.5));
#1505 = DIRECTION('',(-0.692034690086,-0.721864244659,0.));
#1506 = DIRECTION('',(0.721864244659,-0.692034690086,0.));
#1507 = ADVANCED_FACE('',(#1508),#1526,.F.);
#1508 = FACE_BOUND('',#1509,.F.);
#1509 = EDGE_LOOP('',(#1510,#1511,#1519,#1525));
#1510 = ORIENTED_EDGE('',*,*,#1496,.T.);
#1511 = ORIENTED_EDGE('',*,*,#1512,.T.);
#1512 = EDGE_CURVE('',#1489,#1513,#1515,.T.);
#1513 = VERTEX_POINT('',#1514);
#1514 = CARTESIAN_POINT('',(-34.640852,13.084669,16.49));
#1515 = LINE('',#1516,#1517);
#1516 = CARTESIAN_POINT('',(-31.427364,16.825748,16.49));
#1517 = VECTOR('',#1518,1.);
#1518 = DIRECTION('',(-0.651591571972,-0.758569985786,0.));
#1519 = ORIENTED_EDGE('',*,*,#1520,.F.);
#1520 = EDGE_CURVE('',#248,#1513,#1521,.T.);
#1521 = LINE('',#1522,#1523);
#1522 = CARTESIAN_POINT('',(-34.640852,13.084669,16.5));
#1523 = VECTOR('',#1524,1.);
#1524 = DIRECTION('',(-0.,-0.,-1.));
#1525 = ORIENTED_EDGE('',*,*,#255,.F.);
#1526 = PLANE('',#1527);
#1527 = AXIS2_PLACEMENT_3D('',#1528,#1529,#1530);
#1528 = CARTESIAN_POINT('',(-31.427364,16.825748,16.5));
#1529 = DIRECTION('',(-0.758569985786,0.651591571972,0.));
#1530 = DIRECTION('',(-0.651591571972,-0.758569985786,0.));
#1531 = ADVANCED_FACE('',(#1532),#1550,.F.);
#1532 = FACE_BOUND('',#1533,.F.);
#1533 = EDGE_LOOP('',(#1534,#1535,#1543,#1549));
#1534 = ORIENTED_EDGE('',*,*,#1520,.T.);
#1535 = ORIENTED_EDGE('',*,*,#1536,.T.);
#1536 = EDGE_CURVE('',#1513,#1537,#1539,.T.);
#1537 = VERTEX_POINT('',#1538);
#1538 = CARTESIAN_POINT('',(-28.57616,16.651091,16.49));
#1539 = LINE('',#1540,#1541);
#1540 = CARTESIAN_POINT('',(-34.640852,13.084669,16.49));
#1541 = VECTOR('',#1542,1.);
#1542 = DIRECTION('',(0.861999048991,0.506909892918,0.));
#1543 = ORIENTED_EDGE('',*,*,#1544,.F.);
#1544 = EDGE_CURVE('',#240,#1537,#1545,.T.);
#1545 = LINE('',#1546,#1547);
#1546 = CARTESIAN_POINT('',(-28.57616,16.651091,16.5));
#1547 = VECTOR('',#1548,1.);
#1548 = DIRECTION('',(-0.,-0.,-1.));
#1549 = ORIENTED_EDGE('',*,*,#247,.F.);
#1550 = PLANE('',#1551);
#1551 = AXIS2_PLACEMENT_3D('',#1552,#1553,#1554);
#1552 = CARTESIAN_POINT('',(-34.640852,13.084669,16.5));
#1553 = DIRECTION('',(0.506909892918,-0.861999048991,0.));
#1554 = DIRECTION('',(0.861999048991,0.506909892918,0.));
#1555 = ADVANCED_FACE('',(#1556),#1574,.F.);
#1556 = FACE_BOUND('',#1557,.F.);
#1557 = EDGE_LOOP('',(#1558,#1559,#1567,#1573));
#1558 = ORIENTED_EDGE('',*,*,#1544,.T.);
#1559 = ORIENTED_EDGE('',*,*,#1560,.T.);
#1560 = EDGE_CURVE('',#1537,#1561,#1563,.T.);
#1561 = VERTEX_POINT('',#1562);
#1562 = CARTESIAN_POINT('',(-32.195812,19.58703,16.49));
#1563 = LINE('',#1564,#1565);
#1564 = CARTESIAN_POINT('',(-28.57616,16.651091,16.49));
#1565 = VECTOR('',#1566,1.);
#1566 = DIRECTION('',(-0.776641741725,0.629942541039,0.));
#1567 = ORIENTED_EDGE('',*,*,#1568,.F.);
#1568 = EDGE_CURVE('',#232,#1561,#1569,.T.);
#1569 = LINE('',#1570,#1571);
#1570 = CARTESIAN_POINT('',(-32.195812,19.58703,16.5));
#1571 = VECTOR('',#1572,1.);
#1572 = DIRECTION('',(-0.,-0.,-1.));
#1573 = ORIENTED_EDGE('',*,*,#239,.F.);
#1574 = PLANE('',#1575);
#1575 = AXIS2_PLACEMENT_3D('',#1576,#1577,#1578);
#1576 = CARTESIAN_POINT('',(-28.57616,16.651091,16.5));
#1577 = DIRECTION('',(0.629942541039,0.776641741725,0.));
#1578 = DIRECTION('',(-0.776641741725,0.629942541039,0.));
#1579 = ADVANCED_FACE('',(#1580),#1591,.F.);
#1580 = FACE_BOUND('',#1581,.F.);
#1581 = EDGE_LOOP('',(#1582,#1583,#1589,#1590));
#1582 = ORIENTED_EDGE('',*,*,#1568,.T.);
#1583 = ORIENTED_EDGE('',*,*,#1584,.T.);
#1584 = EDGE_CURVE('',#1561,#1457,#1585,.T.);
#1585 = LINE('',#1586,#1587);
#1586 = CARTESIAN_POINT('',(-32.195812,19.58703,16.49));
#1587 = VECTOR('',#1588,1.);
#1588 = DIRECTION('',(0.85079781191,0.525493180973,0.));
#1589 = ORIENTED_EDGE('',*,*,#1456,.F.);
#1590 = ORIENTED_EDGE('',*,*,#231,.F.);
#1591 = PLANE('',#1592);
#1592 = AXIS2_PLACEMENT_3D('',#1593,#1594,#1595);
#1593 = CARTESIAN_POINT('',(-32.195812,19.58703,16.5));
#1594 = DIRECTION('',(0.525493180973,-0.85079781191,0.));
#1595 = DIRECTION('',(0.85079781191,0.525493180973,0.));
#1596 = ADVANCED_FACE('',(#1597),#1622,.F.);
#1597 = FACE_BOUND('',#1598,.F.);
#1598 = EDGE_LOOP('',(#1599,#1607,#1615,#1621));
#1599 = ORIENTED_EDGE('',*,*,#1600,.T.);
#1600 = EDGE_CURVE('',#272,#1601,#1603,.T.);
#1601 = VERTEX_POINT('',#1602);
#1602 = CARTESIAN_POINT('',(-27.570702,21.597948,16.49));
#1603 = LINE('',#1604,#1605);
#1604 = CARTESIAN_POINT('',(-27.570702,21.597948,16.5));
#1605 = VECTOR('',#1606,1.);
#1606 = DIRECTION('',(-0.,-0.,-1.));
#1607 = ORIENTED_EDGE('',*,*,#1608,.T.);
#1608 = EDGE_CURVE('',#1601,#1609,#1611,.T.);
#1609 = VERTEX_POINT('',#1610);
#1610 = CARTESIAN_POINT('',(-27.570702,13.393405,16.49));
#1611 = LINE('',#1612,#1613);
#1612 = CARTESIAN_POINT('',(-27.570702,21.597948,16.49));
#1613 = VECTOR('',#1614,1.);
#1614 = DIRECTION('',(0.,-1.,0.));
#1615 = ORIENTED_EDGE('',*,*,#1616,.F.);
#1616 = EDGE_CURVE('',#274,#1609,#1617,.T.);
#1617 = LINE('',#1618,#1619);
#1618 = CARTESIAN_POINT('',(-27.570702,13.393405,16.5));
#1619 = VECTOR('',#1620,1.);
#1620 = DIRECTION('',(-0.,-0.,-1.));
#1621 = ORIENTED_EDGE('',*,*,#271,.F.);
#1622 = PLANE('',#1623);
#1623 = AXIS2_PLACEMENT_3D('',#1624,#1625,#1626);
#1624 = CARTESIAN_POINT('',(-27.570702,21.597948,16.5));
#1625 = DIRECTION('',(-1.,0.,0.));
#1626 = DIRECTION('',(0.,-1.,0.));
#1627 = ADVANCED_FACE('',(#1628),#1646,.F.);
#1628 = FACE_BOUND('',#1629,.F.);
#1629 = EDGE_LOOP('',(#1630,#1631,#1639,#1645));
#1630 = ORIENTED_EDGE('',*,*,#1616,.T.);
#1631 = ORIENTED_EDGE('',*,*,#1632,.T.);
#1632 = EDGE_CURVE('',#1609,#1633,#1635,.T.);
#1633 = VERTEX_POINT('',#1634);
#1634 = CARTESIAN_POINT('',(-26.487517,13.170927,16.49));
#1635 = LINE('',#1636,#1637);
#1636 = CARTESIAN_POINT('',(-27.570702,13.393405,16.49));
#1637 = VECTOR('',#1638,1.);
#1638 = DIRECTION('',(0.979551721116,-0.201192508953,0.));
#1639 = ORIENTED_EDGE('',*,*,#1640,.F.);
#1640 = EDGE_CURVE('',#346,#1633,#1641,.T.);
#1641 = LINE('',#1642,#1643);
#1642 = CARTESIAN_POINT('',(-26.487517,13.170927,16.5));
#1643 = VECTOR('',#1644,1.);
#1644 = DIRECTION('',(-0.,-0.,-1.));
#1645 = ORIENTED_EDGE('',*,*,#353,.F.);
#1646 = PLANE('',#1647);
#1647 = AXIS2_PLACEMENT_3D('',#1648,#1649,#1650);
#1648 = CARTESIAN_POINT('',(-27.570702,13.393405,16.5));
#1649 = DIRECTION('',(-0.201192508953,-0.979551721116,0.));
#1650 = DIRECTION('',(0.979551721116,-0.201192508953,0.));
#1651 = ADVANCED_FACE('',(#1652),#1670,.F.);
#1652 = FACE_BOUND('',#1653,.F.);
#1653 = EDGE_LOOP('',(#1654,#1655,#1663,#1669));
#1654 = ORIENTED_EDGE('',*,*,#1640,.T.);
#1655 = ORIENTED_EDGE('',*,*,#1656,.T.);
#1656 = EDGE_CURVE('',#1633,#1657,#1659,.T.);
#1657 = VERTEX_POINT('',#1658);
#1658 = CARTESIAN_POINT('',(-26.286426,16.549268,16.49));
#1659 = LINE('',#1660,#1661);
#1660 = CARTESIAN_POINT('',(-26.487517,13.170927,16.49));
#1661 = VECTOR('',#1662,1.);
#1662 = DIRECTION('',(5.941842616682E-02,0.998233164462,0.));
#1663 = ORIENTED_EDGE('',*,*,#1664,.F.);
#1664 = EDGE_CURVE('',#338,#1657,#1665,.T.);
#1665 = LINE('',#1666,#1667);
#1666 = CARTESIAN_POINT('',(-26.286426,16.549268,16.5));
#1667 = VECTOR('',#1668,1.);
#1668 = DIRECTION('',(-0.,-0.,-1.));
#1669 = ORIENTED_EDGE('',*,*,#345,.F.);
#1670 = PLANE('',#1671);
#1671 = AXIS2_PLACEMENT_3D('',#1672,#1673,#1674);
#1672 = CARTESIAN_POINT('',(-26.487517,13.170927,16.5));
#1673 = DIRECTION('',(0.998233164462,-5.941842616682E-02,0.));
#1674 = DIRECTION('',(5.941842616682E-02,0.998233164462,0.));
#1675 = ADVANCED_FACE('',(#1676),#1694,.F.);
#1676 = FACE_BOUND('',#1677,.F.);
#1677 = EDGE_LOOP('',(#1678,#1679,#1687,#1693));
#1678 = ORIENTED_EDGE('',*,*,#1664,.T.);
#1679 = ORIENTED_EDGE('',*,*,#1680,.T.);
#1680 = EDGE_CURVE('',#1657,#1681,#1683,.T.);
#1681 = VERTEX_POINT('',#1682);
#1682 = CARTESIAN_POINT('',(-22.562991,13.07443,16.49));
#1683 = LINE('',#1684,#1685);
#1684 = CARTESIAN_POINT('',(-26.286426,16.549268,16.49));
#1685 = VECTOR('',#1686,1.);
#1686 = DIRECTION('',(0.731091309553,-0.682279632626,0.));
#1687 = ORIENTED_EDGE('',*,*,#1688,.F.);
#1688 = EDGE_CURVE('',#330,#1681,#1689,.T.);
#1689 = LINE('',#1690,#1691);
#1690 = CARTESIAN_POINT('',(-22.562991,13.07443,16.5));
#1691 = VECTOR('',#1692,1.);
#1692 = DIRECTION('',(-0.,-0.,-1.));
#1693 = ORIENTED_EDGE('',*,*,#337,.F.);
#1694 = PLANE('',#1695);
#1695 = AXIS2_PLACEMENT_3D('',#1696,#1697,#1698);
#1696 = CARTESIAN_POINT('',(-26.286426,16.549268,16.5));
#1697 = DIRECTION('',(-0.682279632626,-0.731091309553,0.));
#1698 = DIRECTION('',(0.731091309553,-0.682279632626,0.));
#1699 = ADVANCED_FACE('',(#1700),#1718,.F.);
#1700 = FACE_BOUND('',#1701,.F.);
#1701 = EDGE_LOOP('',(#1702,#1703,#1711,#1717));
#1702 = ORIENTED_EDGE('',*,*,#1688,.T.);
#1703 = ORIENTED_EDGE('',*,*,#1704,.T.);
#1704 = EDGE_CURVE('',#1681,#1705,#1707,.T.);
#1705 = VERTEX_POINT('',#1706);
#1706 = CARTESIAN_POINT('',(-24.714527,16.879667,16.49));
#1707 = LINE('',#1708,#1709);
#1708 = CARTESIAN_POINT('',(-22.562991,13.07443,16.49));
#1709 = VECTOR('',#1710,1.);
#1710 = DIRECTION('',(-0.492187258477,0.870489346628,0.));
#1711 = ORIENTED_EDGE('',*,*,#1712,.F.);
#1712 = EDGE_CURVE('',#322,#1705,#1713,.T.);
#1713 = LINE('',#1714,#1715);
#1714 = CARTESIAN_POINT('',(-24.714527,16.879667,16.5));
#1715 = VECTOR('',#1716,1.);
#1716 = DIRECTION('',(-0.,-0.,-1.));
#1717 = ORIENTED_EDGE('',*,*,#329,.F.);
#1718 = PLANE('',#1719);
#1719 = AXIS2_PLACEMENT_3D('',#1720,#1721,#1722);
#1720 = CARTESIAN_POINT('',(-22.562991,13.07443,16.5));
#1721 = DIRECTION('',(0.870489346628,0.492187258477,0.));
#1722 = DIRECTION('',(-0.492187258477,0.870489346628,0.));
#1723 = ADVANCED_FACE('',(#1724),#1742,.F.);
#1724 = FACE_BOUND('',#1725,.F.);
#1725 = EDGE_LOOP('',(#1726,#1727,#1735,#1741));
#1726 = ORIENTED_EDGE('',*,*,#1712,.T.);
#1727 = ORIENTED_EDGE('',*,*,#1728,.T.);
#1728 = EDGE_CURVE('',#1705,#1729,#1731,.T.);
#1729 = VERTEX_POINT('',#1730);
#1730 = CARTESIAN_POINT('',(-22.141226,20.029432,16.49));
#1731 = LINE('',#1732,#1733);
#1732 = CARTESIAN_POINT('',(-24.714527,16.879667,16.49));
#1733 = VECTOR('',#1734,1.);
#1734 = DIRECTION('',(0.632681008378,0.77441251387,0.));
#1735 = ORIENTED_EDGE('',*,*,#1736,.F.);
#1736 = EDGE_CURVE('',#314,#1729,#1737,.T.);
#1737 = LINE('',#1738,#1739);
#1738 = CARTESIAN_POINT('',(-22.141226,20.029432,16.5));
#1739 = VECTOR('',#1740,1.);
#1740 = DIRECTION('',(-0.,-0.,-1.));
#1741 = ORIENTED_EDGE('',*,*,#321,.F.);
#1742 = PLANE('',#1743);
#1743 = AXIS2_PLACEMENT_3D('',#1744,#1745,#1746);
#1744 = CARTESIAN_POINT('',(-24.714527,16.879667,16.5));
#1745 = DIRECTION('',(0.77441251387,-0.632681008378,0.));
#1746 = DIRECTION('',(0.632681008378,0.77441251387,0.));
#1747 = ADVANCED_FACE('',(#1748),#1766,.F.);
#1748 = FACE_BOUND('',#1749,.F.);
#1749 = EDGE_LOOP('',(#1750,#1751,#1759,#1765));
#1750 = ORIENTED_EDGE('',*,*,#1736,.T.);
#1751 = ORIENTED_EDGE('',*,*,#1752,.T.);
#1752 = EDGE_CURVE('',#1729,#1753,#1755,.T.);
#1753 = VERTEX_POINT('',#1754);
#1754 = CARTESIAN_POINT('',(-22.543409,21.276201,16.49));
#1755 = LINE('',#1756,#1757);
#1756 = CARTESIAN_POINT('',(-22.141226,20.029432,16.49));
#1757 = VECTOR('',#1758,1.);
#1758 = DIRECTION('',(-0.307002400771,0.951708740068,0.));
#1759 = ORIENTED_EDGE('',*,*,#1760,.F.);
#1760 = EDGE_CURVE('',#306,#1753,#1761,.T.);
#1761 = LINE('',#1762,#1763);
#1762 = CARTESIAN_POINT('',(-22.543409,21.276201,16.5));
#1763 = VECTOR('',#1764,1.);
#1764 = DIRECTION('',(-0.,-0.,-1.));
#1765 = ORIENTED_EDGE('',*,*,#313,.F.);
#1766 = PLANE('',#1767);
#1767 = AXIS2_PLACEMENT_3D('',#1768,#1769,#1770);
#1768 = CARTESIAN_POINT('',(-22.141226,20.029432,16.5));
#1769 = DIRECTION('',(0.951708740068,0.307002400771,0.));
#1770 = DIRECTION('',(-0.307002400771,0.951708740068,0.));
#1771 = ADVANCED_FACE('',(#1772),#1790,.F.);
#1772 = FACE_BOUND('',#1773,.F.);
#1773 = EDGE_LOOP('',(#1774,#1775,#1783,#1789));
#1774 = ORIENTED_EDGE('',*,*,#1760,.T.);
#1775 = ORIENTED_EDGE('',*,*,#1776,.T.);
#1776 = EDGE_CURVE('',#1753,#1777,#1779,.T.);
#1777 = VERTEX_POINT('',#1778);
#1778 = CARTESIAN_POINT('',(-26.002188,17.495676,16.49));
#1779 = LINE('',#1780,#1781);
#1780 = CARTESIAN_POINT('',(-22.543409,21.276201,16.49));
#1781 = VECTOR('',#1782,1.);
#1782 = DIRECTION('',(-0.675013547964,-0.737805333448,0.));
#1783 = ORIENTED_EDGE('',*,*,#1784,.F.);
#1784 = EDGE_CURVE('',#298,#1777,#1785,.T.);
#1785 = LINE('',#1786,#1787);
#1786 = CARTESIAN_POINT('',(-26.002188,17.495676,16.5));
#1787 = VECTOR('',#1788,1.);
#1788 = DIRECTION('',(-0.,-0.,-1.));
#1789 = ORIENTED_EDGE('',*,*,#305,.F.);
#1790 = PLANE('',#1791);
#1791 = AXIS2_PLACEMENT_3D('',#1792,#1793,#1794);
#1792 = CARTESIAN_POINT('',(-22.543409,21.276201,16.5));
#1793 = DIRECTION('',(-0.737805333448,0.675013547964,0.));
#1794 = DIRECTION('',(-0.675013547964,-0.737805333448,0.));
#1795 = ADVANCED_FACE('',(#1796),#1814,.F.);
#1796 = FACE_BOUND('',#1797,.F.);
#1797 = EDGE_LOOP('',(#1798,#1799,#1807,#1813));
#1798 = ORIENTED_EDGE('',*,*,#1784,.T.);
#1799 = ORIENTED_EDGE('',*,*,#1800,.T.);
#1800 = EDGE_CURVE('',#1777,#1801,#1803,.T.);
#1801 = VERTEX_POINT('',#1802);
#1802 = CARTESIAN_POINT('',(-26.412956,18.092831,16.49));
#1803 = LINE('',#1804,#1805);
#1804 = CARTESIAN_POINT('',(-26.002188,17.495676,16.49));
#1805 = VECTOR('',#1806,1.);
#1806 = DIRECTION('',(-0.566738607497,0.823897657948,0.));
#1807 = ORIENTED_EDGE('',*,*,#1808,.F.);
#1808 = EDGE_CURVE('',#290,#1801,#1809,.T.);
#1809 = LINE('',#1810,#1811);
#1810 = CARTESIAN_POINT('',(-26.412956,18.092831,16.5));
#1811 = VECTOR('',#1812,1.);
#1812 = DIRECTION('',(-0.,-0.,-1.));
#1813 = ORIENTED_EDGE('',*,*,#297,.F.);
#1814 = PLANE('',#1815);
#1815 = AXIS2_PLACEMENT_3D('',#1816,#1817,#1818);
#1816 = CARTESIAN_POINT('',(-26.002188,17.495676,16.5));
#1817 = DIRECTION('',(0.823897657948,0.566738607497,0.));
#1818 = DIRECTION('',(-0.566738607497,0.823897657948,0.));
#1819 = ADVANCED_FACE('',(#1820),#1838,.F.);
#1820 = FACE_BOUND('',#1821,.F.);
#1821 = EDGE_LOOP('',(#1822,#1823,#1831,#1837));
#1822 = ORIENTED_EDGE('',*,*,#1808,.T.);
#1823 = ORIENTED_EDGE('',*,*,#1824,.T.);
#1824 = EDGE_CURVE('',#1801,#1825,#1827,.T.);
#1825 = VERTEX_POINT('',#1826);
#1826 = CARTESIAN_POINT('',(-26.484809,20.793581,16.49));
#1827 = LINE('',#1828,#1829);
#1828 = CARTESIAN_POINT('',(-26.412956,18.092831,16.49));
#1829 = VECTOR('',#1830,1.);
#1830 = DIRECTION('',(-2.659542130928E-02,0.999646279223,0.));
#1831 = ORIENTED_EDGE('',*,*,#1832,.F.);
#1832 = EDGE_CURVE('',#282,#1825,#1833,.T.);
#1833 = LINE('',#1834,#1835);
#1834 = CARTESIAN_POINT('',(-26.484809,20.793581,16.5));
#1835 = VECTOR('',#1836,1.);
#1836 = DIRECTION('',(-0.,-0.,-1.));
#1837 = ORIENTED_EDGE('',*,*,#289,.F.);
#1838 = PLANE('',#1839);
#1839 = AXIS2_PLACEMENT_3D('',#1840,#1841,#1842);
#1840 = CARTESIAN_POINT('',(-26.412956,18.092831,16.5));
#1841 = DIRECTION('',(0.999646279223,2.659542130928E-02,0.));
#1842 = DIRECTION('',(-2.659542130928E-02,0.999646279223,0.));
#1843 = ADVANCED_FACE('',(#1844),#1855,.F.);
#1844 = FACE_BOUND('',#1845,.F.);
#1845 = EDGE_LOOP('',(#1846,#1847,#1853,#1854));
#1846 = ORIENTED_EDGE('',*,*,#1832,.T.);
#1847 = ORIENTED_EDGE('',*,*,#1848,.T.);
#1848 = EDGE_CURVE('',#1825,#1601,#1849,.T.);
#1849 = LINE('',#1850,#1851);
#1850 = CARTESIAN_POINT('',(-26.484809,20.793581,16.49));
#1851 = VECTOR('',#1852,1.);
#1852 = DIRECTION('',(-0.803556551009,0.595228417778,0.));
#1853 = ORIENTED_EDGE('',*,*,#1600,.F.);
#1854 = ORIENTED_EDGE('',*,*,#281,.F.);
#1855 = PLANE('',#1856);
#1856 = AXIS2_PLACEMENT_3D('',#1857,#1858,#1859);
#1857 = CARTESIAN_POINT('',(-26.484809,20.793581,16.5));
#1858 = DIRECTION('',(0.595228417778,0.803556551009,0.));
#1859 = DIRECTION('',(-0.803556551009,0.595228417778,0.));
#1860 = ADVANCED_FACE('',(#1861),#1886,.F.);
#1861 = FACE_BOUND('',#1862,.F.);
#1862 = EDGE_LOOP('',(#1863,#1871,#1879,#1885));
#1863 = ORIENTED_EDGE('',*,*,#1864,.T.);
#1864 = EDGE_CURVE('',#362,#1865,#1867,.T.);
#1865 = VERTEX_POINT('',#1866);
#1866 = CARTESIAN_POINT('',(-21.658606,21.597948,16.49));
#1867 = LINE('',#1868,#1869);
#1868 = CARTESIAN_POINT('',(-21.658606,21.597948,16.5));
#1869 = VECTOR('',#1870,1.);
#1870 = DIRECTION('',(-0.,-0.,-1.));
#1871 = ORIENTED_EDGE('',*,*,#1872,.T.);
#1872 = EDGE_CURVE('',#1865,#1873,#1875,.T.);
#1873 = VERTEX_POINT('',#1874);
#1874 = CARTESIAN_POINT('',(-20.452055,18.460917,16.49));
#1875 = LINE('',#1876,#1877);
#1876 = CARTESIAN_POINT('',(-21.658606,21.597948,16.49));
#1877 = VECTOR('',#1878,1.);
#1878 = DIRECTION('',(0.358979238807,-0.933345544858,0.));
#1879 = ORIENTED_EDGE('',*,*,#1880,.F.);
#1880 = EDGE_CURVE('',#364,#1873,#1881,.T.);
#1881 = LINE('',#1882,#1883);
#1882 = CARTESIAN_POINT('',(-20.452055,18.460917,16.5));
#1883 = VECTOR('',#1884,1.);
#1884 = DIRECTION('',(-0.,-0.,-1.));
#1885 = ORIENTED_EDGE('',*,*,#361,.F.);
#1886 = PLANE('',#1887);
#1887 = AXIS2_PLACEMENT_3D('',#1888,#1889,#1890);
#1888 = CARTESIAN_POINT('',(-21.658606,21.597948,16.5));
#1889 = DIRECTION('',(-0.933345544858,-0.358979238807,0.));
#1890 = DIRECTION('',(0.358979238807,-0.933345544858,0.));
#1891 = ADVANCED_FACE('',(#1892),#1910,.F.);
#1892 = FACE_BOUND('',#1893,.F.);
#1893 = EDGE_LOOP('',(#1894,#1895,#1903,#1909));
#1894 = ORIENTED_EDGE('',*,*,#1880,.T.);
#1895 = ORIENTED_EDGE('',*,*,#1896,.T.);
#1896 = EDGE_CURVE('',#1873,#1897,#1899,.T.);
#1897 = VERTEX_POINT('',#1898);
#1898 = CARTESIAN_POINT('',(-20.452055,13.031438,16.49));
#1899 = LINE('',#1900,#1901);
#1900 = CARTESIAN_POINT('',(-20.452055,18.460917,16.49));
#1901 = VECTOR('',#1902,1.);
#1902 = DIRECTION('',(0.,-1.,0.));
#1903 = ORIENTED_EDGE('',*,*,#1904,.F.);
#1904 = EDGE_CURVE('',#420,#1897,#1905,.T.);
#1905 = LINE('',#1906,#1907);
#1906 = CARTESIAN_POINT('',(-20.452055,13.031438,16.5));
#1907 = VECTOR('',#1908,1.);
#1908 = DIRECTION('',(-0.,-0.,-1.));
#1909 = ORIENTED_EDGE('',*,*,#427,.F.);
#1910 = PLANE('',#1911);
#1911 = AXIS2_PLACEMENT_3D('',#1912,#1913,#1914);
#1912 = CARTESIAN_POINT('',(-20.452055,18.460917,16.5));
#1913 = DIRECTION('',(-1.,0.,0.));
#1914 = DIRECTION('',(0.,-1.,0.));
#1915 = ADVANCED_FACE('',(#1916),#1934,.F.);
#1916 = FACE_BOUND('',#1917,.F.);
#1917 = EDGE_LOOP('',(#1918,#1919,#1927,#1933));
#1918 = ORIENTED_EDGE('',*,*,#1904,.T.);
#1919 = ORIENTED_EDGE('',*,*,#1920,.T.);
#1920 = EDGE_CURVE('',#1897,#1921,#1923,.T.);
#1921 = VERTEX_POINT('',#1922);
#1922 = CARTESIAN_POINT('',(-19.60747,14.4793,16.49));
#1923 = LINE('',#1924,#1925);
#1924 = CARTESIAN_POINT('',(-20.452055,13.031438,16.49));
#1925 = VECTOR('',#1926,1.);
#1926 = DIRECTION('',(0.503870506213,0.86377920383,0.));
#1927 = ORIENTED_EDGE('',*,*,#1928,.F.);
#1928 = EDGE_CURVE('',#412,#1921,#1929,.T.);
#1929 = LINE('',#1930,#1931);
#1930 = CARTESIAN_POINT('',(-19.60747,14.4793,16.5));
#1931 = VECTOR('',#1932,1.);
#1932 = DIRECTION('',(-0.,-0.,-1.));
#1933 = ORIENTED_EDGE('',*,*,#419,.F.);
#1934 = PLANE('',#1935);
#1935 = AXIS2_PLACEMENT_3D('',#1936,#1937,#1938);
#1936 = CARTESIAN_POINT('',(-20.452055,13.031438,16.5));
#1937 = DIRECTION('',(0.86377920383,-0.503870506213,0.));
#1938 = DIRECTION('',(0.503870506213,0.86377920383,0.));
#1939 = ADVANCED_FACE('',(#1940),#1958,.F.);
#1940 = FACE_BOUND('',#1941,.F.);
#1941 = EDGE_LOOP('',(#1942,#1943,#1951,#1957));
#1942 = ORIENTED_EDGE('',*,*,#1928,.T.);
#1943 = ORIENTED_EDGE('',*,*,#1944,.T.);
#1944 = EDGE_CURVE('',#1921,#1945,#1947,.T.);
#1945 = VERTEX_POINT('',#1946);
#1946 = CARTESIAN_POINT('',(-19.60747,18.460917,16.49));
#1947 = LINE('',#1948,#1949);
#1948 = CARTESIAN_POINT('',(-19.60747,14.4793,16.49));
#1949 = VECTOR('',#1950,1.);
#1950 = DIRECTION('',(0.,1.,0.));
#1951 = ORIENTED_EDGE('',*,*,#1952,.F.);
#1952 = EDGE_CURVE('',#404,#1945,#1953,.T.);
#1953 = LINE('',#1954,#1955);
#1954 = CARTESIAN_POINT('',(-19.60747,18.460917,16.5));
#1955 = VECTOR('',#1956,1.);
#1956 = DIRECTION('',(-0.,-0.,-1.));
#1957 = ORIENTED_EDGE('',*,*,#411,.F.);
#1958 = PLANE('',#1959);
#1959 = AXIS2_PLACEMENT_3D('',#1960,#1961,#1962);
#1960 = CARTESIAN_POINT('',(-19.60747,14.4793,16.5));
#1961 = DIRECTION('',(1.,0.,0.));
#1962 = DIRECTION('',(0.,1.,0.));
#1963 = ADVANCED_FACE('',(#1964),#1982,.F.);
#1964 = FACE_BOUND('',#1965,.F.);
#1965 = EDGE_LOOP('',(#1966,#1967,#1975,#1981));
#1966 = ORIENTED_EDGE('',*,*,#1952,.T.);
#1967 = ORIENTED_EDGE('',*,*,#1968,.T.);
#1968 = EDGE_CURVE('',#1945,#1969,#1971,.T.);
#1969 = VERTEX_POINT('',#1970);
#1970 = CARTESIAN_POINT('',(-17.717207,21.718603,16.49));
#1971 = LINE('',#1972,#1973);
#1972 = CARTESIAN_POINT('',(-19.60747,18.460917,16.49));
#1973 = VECTOR('',#1974,1.);
#1974 = DIRECTION('',(0.501878037036,0.864938400085,0.));
#1975 = ORIENTED_EDGE('',*,*,#1976,.F.);
#1976 = EDGE_CURVE('',#396,#1969,#1977,.T.);
#1977 = LINE('',#1978,#1979);
#1978 = CARTESIAN_POINT('',(-17.717207,21.718603,16.5));
#1979 = VECTOR('',#1980,1.);
#1980 = DIRECTION('',(-0.,-0.,-1.));
#1981 = ORIENTED_EDGE('',*,*,#403,.F.);
#1982 = PLANE('',#1983);
#1983 = AXIS2_PLACEMENT_3D('',#1984,#1985,#1986);
#1984 = CARTESIAN_POINT('',(-19.60747,18.460917,16.5));
#1985 = DIRECTION('',(0.864938400085,-0.501878037036,0.));
#1986 = DIRECTION('',(0.501878037036,0.864938400085,0.));
#1987 = ADVANCED_FACE('',(#1988),#2006,.F.);
#1988 = FACE_BOUND('',#1989,.F.);
#1989 = EDGE_LOOP('',(#1990,#1991,#1999,#2005));
#1990 = ORIENTED_EDGE('',*,*,#1976,.T.);
#1991 = ORIENTED_EDGE('',*,*,#1992,.T.);
#1992 = EDGE_CURVE('',#1969,#1993,#1995,.T.);
#1993 = VERTEX_POINT('',#1994);
#1994 = CARTESIAN_POINT('',(-18.762884,21.638166,16.49));
#1995 = LINE('',#1996,#1997);
#1996 = CARTESIAN_POINT('',(-17.717207,21.718603,16.49));
#1997 = VECTOR('',#1998,1.);
#1998 = DIRECTION('',(-0.997054463066,-7.669679054398E-02,0.));
#1999 = ORIENTED_EDGE('',*,*,#2000,.F.);
#2000 = EDGE_CURVE('',#388,#1993,#2001,.T.);
#2001 = LINE('',#2002,#2003);
#2002 = CARTESIAN_POINT('',(-18.762884,21.638166,16.5));
#2003 = VECTOR('',#2004,1.);
#2004 = DIRECTION('',(-0.,-0.,-1.));
#2005 = ORIENTED_EDGE('',*,*,#395,.F.);
#2006 = PLANE('',#2007);
#2007 = AXIS2_PLACEMENT_3D('',#2008,#2009,#2010);
#2008 = CARTESIAN_POINT('',(-17.717207,21.718603,16.5));
#2009 = DIRECTION('',(-7.669679054398E-02,0.997054463066,0.));
#2010 = DIRECTION('',(-0.997054463066,-7.669679054398E-02,0.));
#2011 = ADVANCED_FACE('',(#2012),#2030,.F.);
#2012 = FACE_BOUND('',#2013,.F.);
#2013 = EDGE_LOOP('',(#2014,#2015,#2023,#2029));
#2014 = ORIENTED_EDGE('',*,*,#2000,.T.);
#2015 = ORIENTED_EDGE('',*,*,#2016,.T.);
#2016 = EDGE_CURVE('',#1993,#2017,#2019,.T.);
#2017 = VERTEX_POINT('',#2018);
#2018 = CARTESIAN_POINT('',(-19.969435,19.426157,16.49));
#2019 = LINE('',#2020,#2021);
#2020 = CARTESIAN_POINT('',(-18.762884,21.638166,16.49));
#2021 = VECTOR('',#2022,1.);
#2022 = DIRECTION('',(-0.478852325327,-0.877895466743,0.));
#2023 = ORIENTED_EDGE('',*,*,#2024,.F.);
#2024 = EDGE_CURVE('',#380,#2017,#2025,.T.);
#2025 = LINE('',#2026,#2027);
#2026 = CARTESIAN_POINT('',(-19.969435,19.426157,16.5));
#2027 = VECTOR('',#2028,1.);
#2028 = DIRECTION('',(-0.,-0.,-1.));
#2029 = ORIENTED_EDGE('',*,*,#387,.F.);
#2030 = PLANE('',#2031);
#2031 = AXIS2_PLACEMENT_3D('',#2032,#2033,#2034);
#2032 = CARTESIAN_POINT('',(-18.762884,21.638166,16.5));
#2033 = DIRECTION('',(-0.877895466743,0.478852325327,0.));
#2034 = DIRECTION('',(-0.478852325327,-0.877895466743,0.));
#2035 = ADVANCED_FACE('',(#2036),#2054,.F.);
#2036 = FACE_BOUND('',#2037,.F.);
#2037 = EDGE_LOOP('',(#2038,#2039,#2047,#2053));
#2038 = ORIENTED_EDGE('',*,*,#2024,.T.);
#2039 = ORIENTED_EDGE('',*,*,#2040,.T.);
#2040 = EDGE_CURVE('',#2017,#2041,#2043,.T.);
#2041 = VERTEX_POINT('',#2042);
#2042 = CARTESIAN_POINT('',(-20.81402,21.758821,16.49));
#2043 = LINE('',#2044,#2045);
#2044 = CARTESIAN_POINT('',(-19.969435,19.426157,16.49));
#2045 = VECTOR('',#2046,1.);
#2046 = DIRECTION('',(-0.340440997585,0.940265881101,0.));
#2047 = ORIENTED_EDGE('',*,*,#2048,.F.);
#2048 = EDGE_CURVE('',#372,#2041,#2049,.T.);
#2049 = LINE('',#2050,#2051);
#2050 = CARTESIAN_POINT('',(-20.81402,21.758821,16.5));
#2051 = VECTOR('',#2052,1.);
#2052 = DIRECTION('',(-0.,-0.,-1.));
#2053 = ORIENTED_EDGE('',*,*,#379,.F.);
#2054 = PLANE('',#2055);
#2055 = AXIS2_PLACEMENT_3D('',#2056,#2057,#2058);
#2056 = CARTESIAN_POINT('',(-19.969435,19.426157,16.5));
#2057 = DIRECTION('',(0.940265881101,0.340440997585,0.));
#2058 = DIRECTION('',(-0.340440997585,0.940265881101,0.));
#2059 = ADVANCED_FACE('',(#2060),#2071,.F.);
#2060 = FACE_BOUND('',#2061,.F.);
#2061 = EDGE_LOOP('',(#2062,#2063,#2069,#2070));
#2062 = ORIENTED_EDGE('',*,*,#2048,.T.);
#2063 = ORIENTED_EDGE('',*,*,#2064,.T.);
#2064 = EDGE_CURVE('',#2041,#1865,#2065,.T.);
#2065 = LINE('',#2066,#2067);
#2066 = CARTESIAN_POINT('',(-20.81402,21.758821,16.49));
#2067 = VECTOR('',#2068,1.);
#2068 = DIRECTION('',(-0.982338678406,-0.187111519977,0.));
#2069 = ORIENTED_EDGE('',*,*,#1864,.F.);
#2070 = ORIENTED_EDGE('',*,*,#371,.F.);
#2071 = PLANE('',#2072);
#2072 = AXIS2_PLACEMENT_3D('',#2073,#2074,#2075);
#2073 = CARTESIAN_POINT('',(-20.81402,21.758821,16.5));
#2074 = DIRECTION('',(-0.187111519977,0.982338678406,0.));
#2075 = DIRECTION('',(-0.982338678406,-0.187111519977,0.));
#2076 = ADVANCED_FACE('',(#2077),#2102,.F.);
#2077 = FACE_BOUND('',#2078,.F.);
#2078 = EDGE_LOOP('',(#2079,#2087,#2095,#2101));
#2079 = ORIENTED_EDGE('',*,*,#2080,.T.);
#2080 = EDGE_CURVE('',#436,#2081,#2083,.T.);
#2081 = VERTEX_POINT('',#2082);
#2082 = CARTESIAN_POINT('',(-17.837862,18.822882,16.49));
#2083 = LINE('',#2084,#2085);
#2084 = CARTESIAN_POINT('',(-17.837862,18.822882,16.5));
#2085 = VECTOR('',#2086,1.);
#2086 = DIRECTION('',(-0.,-0.,-1.));
#2087 = ORIENTED_EDGE('',*,*,#2088,.T.);
#2088 = EDGE_CURVE('',#2081,#2089,#2091,.T.);
#2089 = VERTEX_POINT('',#2090);
#2090 = CARTESIAN_POINT('',(-17.837862,13.312968,16.49));
#2091 = LINE('',#2092,#2093);
#2092 = CARTESIAN_POINT('',(-17.837862,18.822882,16.49));
#2093 = VECTOR('',#2094,1.);
#2094 = DIRECTION('',(0.,-1.,0.));
#2095 = ORIENTED_EDGE('',*,*,#2096,.F.);
#2096 = EDGE_CURVE('',#438,#2089,#2097,.T.);
#2097 = LINE('',#2098,#2099);
#2098 = CARTESIAN_POINT('',(-17.837862,13.312968,16.5));
#2099 = VECTOR('',#2100,1.);
#2100 = DIRECTION('',(-0.,-0.,-1.));
#2101 = ORIENTED_EDGE('',*,*,#435,.F.);
#2102 = PLANE('',#2103);
#2103 = AXIS2_PLACEMENT_3D('',#2104,#2105,#2106);
#2104 = CARTESIAN_POINT('',(-17.837862,18.822882,16.5));
#2105 = DIRECTION('',(-1.,0.,0.));
#2106 = DIRECTION('',(0.,-1.,0.));
#2107 = ADVANCED_FACE('',(#2108),#2126,.F.);
#2108 = FACE_BOUND('',#2109,.F.);
#2109 = EDGE_LOOP('',(#2110,#2111,#2119,#2125));
#2110 = ORIENTED_EDGE('',*,*,#2096,.T.);
#2111 = ORIENTED_EDGE('',*,*,#2112,.T.);
#2112 = EDGE_CURVE('',#2089,#2113,#2115,.T.);
#2113 = VERTEX_POINT('',#2114);
#2114 = CARTESIAN_POINT('',(-14.218209,13.312968,16.49));
#2115 = LINE('',#2116,#2117);
#2116 = CARTESIAN_POINT('',(-17.837862,13.312968,16.49));
#2117 = VECTOR('',#2118,1.);
#2118 = DIRECTION('',(1.,0.,0.));
#2119 = ORIENTED_EDGE('',*,*,#2120,.F.);
#2120 = EDGE_CURVE('',#470,#2113,#2121,.T.);
#2121 = LINE('',#2122,#2123);
#2122 = CARTESIAN_POINT('',(-14.218209,13.312968,16.5));
#2123 = VECTOR('',#2124,1.);
#2124 = DIRECTION('',(-0.,-0.,-1.));
#2125 = ORIENTED_EDGE('',*,*,#477,.F.);
#2126 = PLANE('',#2127);
#2127 = AXIS2_PLACEMENT_3D('',#2128,#2129,#2130);
#2128 = CARTESIAN_POINT('',(-17.837862,13.312968,16.5));
#2129 = DIRECTION('',(0.,-1.,0.));
#2130 = DIRECTION('',(1.,0.,0.));
#2131 = ADVANCED_FACE('',(#2132),#2150,.F.);
#2132 = FACE_BOUND('',#2133,.F.);
#2133 = EDGE_LOOP('',(#2134,#2135,#2143,#2149));
#2134 = ORIENTED_EDGE('',*,*,#2120,.T.);
#2135 = ORIENTED_EDGE('',*,*,#2136,.T.);
#2136 = EDGE_CURVE('',#2113,#2137,#2139,.T.);
#2137 = VERTEX_POINT('',#2138);
#2138 = CARTESIAN_POINT('',(-14.298648,14.278209,16.49));
#2139 = LINE('',#2140,#2141);
#2140 = CARTESIAN_POINT('',(-14.218209,13.312968,16.49));
#2141 = VECTOR('',#2142,1.);
#2142 = DIRECTION('',(-8.304778680472E-02,0.996545565996,0.));
#2143 = ORIENTED_EDGE('',*,*,#2144,.F.);
#2144 = EDGE_CURVE('',#462,#2137,#2145,.T.);
#2145 = LINE('',#2146,#2147);
#2146 = CARTESIAN_POINT('',(-14.298648,14.278209,16.5));
#2147 = VECTOR('',#2148,1.);
#2148 = DIRECTION('',(-0.,-0.,-1.));
#2149 = ORIENTED_EDGE('',*,*,#469,.F.);
#2150 = PLANE('',#2151);
#2151 = AXIS2_PLACEMENT_3D('',#2152,#2153,#2154);
#2152 = CARTESIAN_POINT('',(-14.218209,13.312968,16.5));
#2153 = DIRECTION('',(0.996545565996,8.304778680472E-02,0.));
#2154 = DIRECTION('',(-8.304778680472E-02,0.996545565996,0.));
#2155 = ADVANCED_FACE('',(#2156),#2174,.F.);
#2156 = FACE_BOUND('',#2157,.F.);
#2157 = EDGE_LOOP('',(#2158,#2159,#2167,#2173));
#2158 = ORIENTED_EDGE('',*,*,#2144,.T.);
#2159 = ORIENTED_EDGE('',*,*,#2160,.T.);
#2160 = EDGE_CURVE('',#2137,#2161,#2163,.T.);
#2161 = VERTEX_POINT('',#2162);
#2162 = CARTESIAN_POINT('',(-16.711748,14.278209,16.49));
#2163 = LINE('',#2164,#2165);
#2164 = CARTESIAN_POINT('',(-14.298648,14.278209,16.49));
#2165 = VECTOR('',#2166,1.);
#2166 = DIRECTION('',(-1.,0.,0.));
#2167 = ORIENTED_EDGE('',*,*,#2168,.F.);
#2168 = EDGE_CURVE('',#454,#2161,#2169,.T.);
#2169 = LINE('',#2170,#2171);
#2170 = CARTESIAN_POINT('',(-16.711748,14.278209,16.5));
#2171 = VECTOR('',#2172,1.);
#2172 = DIRECTION('',(-0.,-0.,-1.));
#2173 = ORIENTED_EDGE('',*,*,#461,.F.);
#2174 = PLANE('',#2175);
#2175 = AXIS2_PLACEMENT_3D('',#2176,#2177,#2178);
#2176 = CARTESIAN_POINT('',(-14.298648,14.278209,16.5));
#2177 = DIRECTION('',(0.,1.,0.));
#2178 = DIRECTION('',(-1.,0.,0.));
#2179 = ADVANCED_FACE('',(#2180),#2198,.F.);
#2180 = FACE_BOUND('',#2181,.F.);
#2181 = EDGE_LOOP('',(#2182,#2183,#2191,#2197));
#2182 = ORIENTED_EDGE('',*,*,#2168,.T.);
#2183 = ORIENTED_EDGE('',*,*,#2184,.T.);
#2184 = EDGE_CURVE('',#2161,#2185,#2187,.T.);
#2185 = VERTEX_POINT('',#2186);
#2186 = CARTESIAN_POINT('',(-16.711748,18.340261,16.49));
#2187 = LINE('',#2188,#2189);
#2188 = CARTESIAN_POINT('',(-16.711748,14.278209,16.49));
#2189 = VECTOR('',#2190,1.);
#2190 = DIRECTION('',(0.,1.,0.));
#2191 = ORIENTED_EDGE('',*,*,#2192,.F.);
#2192 = EDGE_CURVE('',#446,#2185,#2193,.T.);
#2193 = LINE('',#2194,#2195);
#2194 = CARTESIAN_POINT('',(-16.711748,18.340261,16.5));
#2195 = VECTOR('',#2196,1.);
#2196 = DIRECTION('',(-0.,-0.,-1.));
#2197 = ORIENTED_EDGE('',*,*,#453,.F.);
#2198 = PLANE('',#2199);
#2199 = AXIS2_PLACEMENT_3D('',#2200,#2201,#2202);
#2200 = CARTESIAN_POINT('',(-16.711748,14.278209,16.5));
#2201 = DIRECTION('',(1.,0.,0.));
#2202 = DIRECTION('',(0.,1.,0.));
#2203 = ADVANCED_FACE('',(#2204),#2215,.F.);
#2204 = FACE_BOUND('',#2205,.F.);
#2205 = EDGE_LOOP('',(#2206,#2207,#2213,#2214));
#2206 = ORIENTED_EDGE('',*,*,#2192,.T.);
#2207 = ORIENTED_EDGE('',*,*,#2208,.T.);
#2208 = EDGE_CURVE('',#2185,#2081,#2209,.T.);
#2209 = LINE('',#2210,#2211);
#2210 = CARTESIAN_POINT('',(-16.711748,18.340261,16.49));
#2211 = VECTOR('',#2212,1.);
#2212 = DIRECTION('',(-0.919144818929,0.393919791119,0.));
#2213 = ORIENTED_EDGE('',*,*,#2080,.F.);
#2214 = ORIENTED_EDGE('',*,*,#445,.F.);
#2215 = PLANE('',#2216);
#2216 = AXIS2_PLACEMENT_3D('',#2217,#2218,#2219);
#2217 = CARTESIAN_POINT('',(-16.711748,18.340261,16.5));
#2218 = DIRECTION('',(0.393919791119,0.919144818929,0.));
#2219 = DIRECTION('',(-0.919144818929,0.393919791119,0.));
#2220 = ADVANCED_FACE('',(#2221),#2246,.F.);
#2221 = FACE_BOUND('',#2222,.F.);
#2222 = EDGE_LOOP('',(#2223,#2231,#2239,#2245));
#2223 = ORIENTED_EDGE('',*,*,#2224,.T.);
#2224 = EDGE_CURVE('',#486,#2225,#2227,.T.);
#2225 = VERTEX_POINT('',#2226);
#2226 = CARTESIAN_POINT('',(-9.713756,21.718603,16.49));
#2227 = LINE('',#2228,#2229);
#2228 = CARTESIAN_POINT('',(-9.713756,21.718603,16.5));
#2229 = VECTOR('',#2230,1.);
#2230 = DIRECTION('',(-0.,-0.,-1.));
#2231 = ORIENTED_EDGE('',*,*,#2232,.T.);
#2232 = EDGE_CURVE('',#2225,#2233,#2235,.T.);
#2233 = VERTEX_POINT('',#2234);
#2234 = CARTESIAN_POINT('',(-9.713756,12.910784,16.49));
#2235 = LINE('',#2236,#2237);
#2236 = CARTESIAN_POINT('',(-9.713756,21.718603,16.49));
#2237 = VECTOR('',#2238,1.);
#2238 = DIRECTION('',(0.,-1.,0.));
#2239 = ORIENTED_EDGE('',*,*,#2240,.F.);
#2240 = EDGE_CURVE('',#488,#2233,#2241,.T.);
#2241 = LINE('',#2242,#2243);
#2242 = CARTESIAN_POINT('',(-9.713756,12.910784,16.5));
#2243 = VECTOR('',#2244,1.);
#2244 = DIRECTION('',(-0.,-0.,-1.));
#2245 = ORIENTED_EDGE('',*,*,#485,.F.);
#2246 = PLANE('',#2247);
#2247 = AXIS2_PLACEMENT_3D('',#2248,#2249,#2250);
#2248 = CARTESIAN_POINT('',(-9.713756,21.718603,16.5));
#2249 = DIRECTION('',(-1.,0.,0.));
#2250 = DIRECTION('',(0.,-1.,0.));
#2251 = ADVANCED_FACE('',(#2252),#2270,.F.);
#2252 = FACE_BOUND('',#2253,.F.);
#2253 = EDGE_LOOP('',(#2254,#2255,#2263,#2269));
#2254 = ORIENTED_EDGE('',*,*,#2240,.T.);
#2255 = ORIENTED_EDGE('',*,*,#2256,.T.);
#2256 = EDGE_CURVE('',#2233,#2257,#2259,.T.);
#2257 = VERTEX_POINT('',#2258);
#2258 = CARTESIAN_POINT('',(-8.627857,14.398863,16.49));
#2259 = LINE('',#2260,#2261);
#2260 = CARTESIAN_POINT('',(-9.713756,12.910784,16.49));
#2261 = VECTOR('',#2262,1.);
#2262 = DIRECTION('',(0.589470314608,0.807790039674,0.));
#2263 = ORIENTED_EDGE('',*,*,#2264,.F.);
#2264 = EDGE_CURVE('',#544,#2257,#2265,.T.);
#2265 = LINE('',#2266,#2267);
#2266 = CARTESIAN_POINT('',(-8.627857,14.398863,16.5));
#2267 = VECTOR('',#2268,1.);
#2268 = DIRECTION('',(-0.,-0.,-1.));
#2269 = ORIENTED_EDGE('',*,*,#551,.F.);
#2270 = PLANE('',#2271);
#2271 = AXIS2_PLACEMENT_3D('',#2272,#2273,#2274);
#2272 = CARTESIAN_POINT('',(-9.713756,12.910784,16.5));
#2273 = DIRECTION('',(0.807790039674,-0.589470314608,0.));
#2274 = DIRECTION('',(0.589470314608,0.807790039674,0.));
#2275 = ADVANCED_FACE('',(#2276),#2294,.F.);
#2276 = FACE_BOUND('',#2277,.F.);
#2277 = EDGE_LOOP('',(#2278,#2279,#2287,#2293));
#2278 = ORIENTED_EDGE('',*,*,#2264,.T.);
#2279 = ORIENTED_EDGE('',*,*,#2280,.T.);
#2280 = EDGE_CURVE('',#2257,#2281,#2283,.T.);
#2281 = VERTEX_POINT('',#2282);
#2282 = CARTESIAN_POINT('',(-8.627857,16.208689,16.49));
#2283 = LINE('',#2284,#2285);
#2284 = CARTESIAN_POINT('',(-8.627857,14.398863,16.49));
#2285 = VECTOR('',#2286,1.);
#2286 = DIRECTION('',(0.,1.,0.));
#2287 = ORIENTED_EDGE('',*,*,#2288,.F.);
#2288 = EDGE_CURVE('',#536,#2281,#2289,.T.);
#2289 = LINE('',#2290,#2291);
#2290 = CARTESIAN_POINT('',(-8.627857,16.208689,16.5));
#2291 = VECTOR('',#2292,1.);
#2292 = DIRECTION('',(-0.,-0.,-1.));
#2293 = ORIENTED_EDGE('',*,*,#543,.F.);
#2294 = PLANE('',#2295);
#2295 = AXIS2_PLACEMENT_3D('',#2296,#2297,#2298);
#2296 = CARTESIAN_POINT('',(-8.627857,14.398863,16.5));
#2297 = DIRECTION('',(1.,0.,0.));
#2298 = DIRECTION('',(0.,1.,0.));
#2299 = ADVANCED_FACE('',(#2300),#2318,.F.);
#2300 = FACE_BOUND('',#2301,.F.);
#2301 = EDGE_LOOP('',(#2302,#2303,#2311,#2317));
#2302 = ORIENTED_EDGE('',*,*,#2288,.T.);
#2303 = ORIENTED_EDGE('',*,*,#2304,.T.);
#2304 = EDGE_CURVE('',#2281,#2305,#2307,.T.);
#2305 = VERTEX_POINT('',#2306);
#2306 = CARTESIAN_POINT('',(-6.094106,13.27275,16.49));
#2307 = LINE('',#2308,#2309);
#2308 = CARTESIAN_POINT('',(-8.627857,16.208689,16.49));
#2309 = VECTOR('',#2310,1.);
#2310 = DIRECTION('',(0.653349147948,-0.757056728968,0.));
#2311 = ORIENTED_EDGE('',*,*,#2312,.F.);
#2312 = EDGE_CURVE('',#528,#2305,#2313,.T.);
#2313 = LINE('',#2314,#2315);
#2314 = CARTESIAN_POINT('',(-6.094106,13.27275,16.5));
#2315 = VECTOR('',#2316,1.);
#2316 = DIRECTION('',(-0.,-0.,-1.));
#2317 = ORIENTED_EDGE('',*,*,#535,.F.);
#2318 = PLANE('',#2319);
#2319 = AXIS2_PLACEMENT_3D('',#2320,#2321,#2322);
#2320 = CARTESIAN_POINT('',(-8.627857,16.208689,16.5));
#2321 = DIRECTION('',(-0.757056728968,-0.653349147948,0.));
#2322 = DIRECTION('',(0.653349147948,-0.757056728968,0.));
#2323 = ADVANCED_FACE('',(#2324),#2342,.F.);
#2324 = FACE_BOUND('',#2325,.F.);
#2325 = EDGE_LOOP('',(#2326,#2327,#2335,#2341));
#2326 = ORIENTED_EDGE('',*,*,#2312,.T.);
#2327 = ORIENTED_EDGE('',*,*,#2328,.T.);
#2328 = EDGE_CURVE('',#2305,#2329,#2331,.T.);
#2329 = VERTEX_POINT('',#2330);
#2330 = CARTESIAN_POINT('',(-4.525588,13.27275,16.49));
#2331 = LINE('',#2332,#2333);
#2332 = CARTESIAN_POINT('',(-6.094106,13.27275,16.49));
#2333 = VECTOR('',#2334,1.);
#2334 = DIRECTION('',(1.,0.,0.));
#2335 = ORIENTED_EDGE('',*,*,#2336,.F.);
#2336 = EDGE_CURVE('',#520,#2329,#2337,.T.);
#2337 = LINE('',#2338,#2339);
#2338 = CARTESIAN_POINT('',(-4.525588,13.27275,16.5));
#2339 = VECTOR('',#2340,1.);
#2340 = DIRECTION('',(-0.,-0.,-1.));
#2341 = ORIENTED_EDGE('',*,*,#527,.F.);
#2342 = PLANE('',#2343);
#2343 = AXIS2_PLACEMENT_3D('',#2344,#2345,#2346);
#2344 = CARTESIAN_POINT('',(-6.094106,13.27275,16.5));
#2345 = DIRECTION('',(0.,-1.,0.));
#2346 = DIRECTION('',(1.,0.,0.));
#2347 = ADVANCED_FACE('',(#2348),#2366,.F.);
#2348 = FACE_BOUND('',#2349,.F.);
#2349 = EDGE_LOOP('',(#2350,#2351,#2359,#2365));
#2350 = ORIENTED_EDGE('',*,*,#2336,.T.);
#2351 = ORIENTED_EDGE('',*,*,#2352,.T.);
#2352 = EDGE_CURVE('',#2329,#2353,#2355,.T.);
#2353 = VERTEX_POINT('',#2354);
#2354 = CARTESIAN_POINT('',(-7.461528,16.530436,16.49));
#2355 = LINE('',#2356,#2357);
#2356 = CARTESIAN_POINT('',(-4.525588,13.27275,16.49));
#2357 = VECTOR('',#2358,1.);
#2358 = DIRECTION('',(-0.669471348704,0.742837878184,0.));
#2359 = ORIENTED_EDGE('',*,*,#2360,.F.);
#2360 = EDGE_CURVE('',#512,#2353,#2361,.T.);
#2361 = LINE('',#2362,#2363);
#2362 = CARTESIAN_POINT('',(-7.461528,16.530436,16.5));
#2363 = VECTOR('',#2364,1.);
#2364 = DIRECTION('',(-0.,-0.,-1.));
#2365 = ORIENTED_EDGE('',*,*,#519,.F.);
#2366 = PLANE('',#2367);
#2367 = AXIS2_PLACEMENT_3D('',#2368,#2369,#2370);
#2368 = CARTESIAN_POINT('',(-4.525588,13.27275,16.5));
#2369 = DIRECTION('',(0.742837878184,0.669471348704,0.));
#2370 = DIRECTION('',(-0.669471348704,0.742837878184,0.));
#2371 = ADVANCED_FACE('',(#2372),#2390,.F.);
#2372 = FACE_BOUND('',#2373,.F.);
#2373 = EDGE_LOOP('',(#2374,#2375,#2383,#2389));
#2374 = ORIENTED_EDGE('',*,*,#2360,.T.);
#2375 = ORIENTED_EDGE('',*,*,#2376,.T.);
#2376 = EDGE_CURVE('',#2353,#2377,#2379,.T.);
#2377 = VERTEX_POINT('',#2378);
#2378 = CARTESIAN_POINT('',(-5.169084,18.581572,16.49));
#2379 = LINE('',#2380,#2381);
#2380 = CARTESIAN_POINT('',(-7.461528,16.530436,16.49));
#2381 = VECTOR('',#2382,1.);
#2382 = DIRECTION('',(0.745241007444,0.66679520156,0.));
#2383 = ORIENTED_EDGE('',*,*,#2384,.F.);
#2384 = EDGE_CURVE('',#504,#2377,#2385,.T.);
#2385 = LINE('',#2386,#2387);
#2386 = CARTESIAN_POINT('',(-5.169084,18.581572,16.5));
#2387 = VECTOR('',#2388,1.);
#2388 = DIRECTION('',(-0.,-0.,-1.));
#2389 = ORIENTED_EDGE('',*,*,#511,.F.);
#2390 = PLANE('',#2391);
#2391 = AXIS2_PLACEMENT_3D('',#2392,#2393,#2394);
#2392 = CARTESIAN_POINT('',(-7.461528,16.530436,16.5));
#2393 = DIRECTION('',(0.66679520156,-0.745241007444,0.));
#2394 = DIRECTION('',(0.745241007444,0.66679520156,0.));
#2395 = ADVANCED_FACE('',(#2396),#2414,.F.);
#2396 = FACE_BOUND('',#2397,.F.);
#2397 = EDGE_LOOP('',(#2398,#2399,#2407,#2413));
#2398 = ORIENTED_EDGE('',*,*,#2384,.T.);
#2399 = ORIENTED_EDGE('',*,*,#2400,.T.);
#2400 = EDGE_CURVE('',#2377,#2401,#2403,.T.);
#2401 = VERTEX_POINT('',#2402);
#2402 = CARTESIAN_POINT('',(-5.49083,20.391397,16.49));
#2403 = LINE('',#2404,#2405);
#2404 = CARTESIAN_POINT('',(-5.169084,18.581572,16.49));
#2405 = VECTOR('',#2406,1.);
#2406 = DIRECTION('',(-0.175032983155,0.984562570286,0.));
#2407 = ORIENTED_EDGE('',*,*,#2408,.F.);
#2408 = EDGE_CURVE('',#496,#2401,#2409,.T.);
#2409 = LINE('',#2410,#2411);
#2410 = CARTESIAN_POINT('',(-5.49083,20.391397,16.5));
#2411 = VECTOR('',#2412,1.);
#2412 = DIRECTION('',(-0.,-0.,-1.));
#2413 = ORIENTED_EDGE('',*,*,#503,.F.);
#2414 = PLANE('',#2415);
#2415 = AXIS2_PLACEMENT_3D('',#2416,#2417,#2418);
#2416 = CARTESIAN_POINT('',(-5.169084,18.581572,16.5));
#2417 = DIRECTION('',(0.984562570286,0.175032983155,0.));
#2418 = DIRECTION('',(-0.175032983155,0.984562570286,0.));
#2419 = ADVANCED_FACE('',(#2420),#2431,.F.);
#2420 = FACE_BOUND('',#2421,.F.);
#2421 = EDGE_LOOP('',(#2422,#2423,#2429,#2430));
#2422 = ORIENTED_EDGE('',*,*,#2408,.T.);
#2423 = ORIENTED_EDGE('',*,*,#2424,.T.);
#2424 = EDGE_CURVE('',#2401,#2225,#2425,.T.);
#2425 = LINE('',#2426,#2427);
#2426 = CARTESIAN_POINT('',(-5.49083,20.391397,16.49));
#2427 = VECTOR('',#2428,1.);
#2428 = DIRECTION('',(-0.953993672592,0.299826737723,0.));
#2429 = ORIENTED_EDGE('',*,*,#2224,.F.);
#2430 = ORIENTED_EDGE('',*,*,#495,.F.);
#2431 = PLANE('',#2432);
#2432 = AXIS2_PLACEMENT_3D('',#2433,#2434,#2435);
#2433 = CARTESIAN_POINT('',(-5.49083,20.391397,16.5));
#2434 = DIRECTION('',(0.299826737723,0.953993672592,0.));
#2435 = DIRECTION('',(-0.953993672592,0.299826737723,0.));
#2436 = ADVANCED_FACE('',(#2437),#2462,.F.);
#2437 = FACE_BOUND('',#2438,.F.);
#2438 = EDGE_LOOP('',(#2439,#2447,#2455,#2461));
#2439 = ORIENTED_EDGE('',*,*,#2440,.T.);
#2440 = EDGE_CURVE('',#560,#2441,#2443,.T.);
#2441 = VERTEX_POINT('',#2442);
#2442 = CARTESIAN_POINT('',(-15.505197,21.839258,16.49));
#2443 = LINE('',#2444,#2445);
#2444 = CARTESIAN_POINT('',(-15.505197,21.839258,16.5));
#2445 = VECTOR('',#2446,1.);
#2446 = DIRECTION('',(-0.,-0.,-1.));
#2447 = ORIENTED_EDGE('',*,*,#2448,.T.);
#2448 = EDGE_CURVE('',#2441,#2449,#2451,.T.);
#2449 = VERTEX_POINT('',#2450);
#2450 = CARTESIAN_POINT('',(-15.505197,15.323886,16.49));
#2451 = LINE('',#2452,#2453);
#2452 = CARTESIAN_POINT('',(-15.505197,21.839258,16.49));
#2453 = VECTOR('',#2454,1.);
#2454 = DIRECTION('',(0.,-1.,0.));
#2455 = ORIENTED_EDGE('',*,*,#2456,.F.);
#2456 = EDGE_CURVE('',#562,#2449,#2457,.T.);
#2457 = LINE('',#2458,#2459);
#2458 = CARTESIAN_POINT('',(-15.505197,15.323886,16.5));
#2459 = VECTOR('',#2460,1.);
#2460 = DIRECTION('',(-0.,-0.,-1.));
#2461 = ORIENTED_EDGE('',*,*,#559,.F.);
#2462 = PLANE('',#2463);
#2463 = AXIS2_PLACEMENT_3D('',#2464,#2465,#2466);
#2464 = CARTESIAN_POINT('',(-15.505197,21.839258,16.5));
#2465 = DIRECTION('',(-1.,0.,0.));
#2466 = DIRECTION('',(0.,-1.,0.));
#2467 = ADVANCED_FACE('',(#2468),#2486,.F.);
#2468 = FACE_BOUND('',#2469,.F.);
#2469 = EDGE_LOOP('',(#2470,#2471,#2479,#2485));
#2470 = ORIENTED_EDGE('',*,*,#2456,.T.);
#2471 = ORIENTED_EDGE('',*,*,#2472,.T.);
#2472 = EDGE_CURVE('',#2449,#2473,#2475,.T.);
#2473 = VERTEX_POINT('',#2474);
#2474 = CARTESIAN_POINT('',(-10.960525,15.323886,16.49));
#2475 = LINE('',#2476,#2477);
#2476 = CARTESIAN_POINT('',(-15.505197,15.323886,16.49));
#2477 = VECTOR('',#2478,1.);
#2478 = DIRECTION('',(1.,0.,0.));
#2479 = ORIENTED_EDGE('',*,*,#2480,.F.);
#2480 = EDGE_CURVE('',#658,#2473,#2481,.T.);
#2481 = LINE('',#2482,#2483);
#2482 = CARTESIAN_POINT('',(-10.960525,15.323886,16.5));
#2483 = VECTOR('',#2484,1.);
#2484 = DIRECTION('',(-0.,-0.,-1.));
#2485 = ORIENTED_EDGE('',*,*,#665,.F.);
#2486 = PLANE('',#2487);
#2487 = AXIS2_PLACEMENT_3D('',#2488,#2489,#2490);
#2488 = CARTESIAN_POINT('',(-15.505197,15.323886,16.5));
#2489 = DIRECTION('',(0.,-1.,0.));
#2490 = DIRECTION('',(1.,0.,0.));
#2491 = ADVANCED_FACE('',(#2492),#2510,.F.);
#2492 = FACE_BOUND('',#2493,.F.);
#2493 = EDGE_LOOP('',(#2494,#2495,#2503,#2509));
#2494 = ORIENTED_EDGE('',*,*,#2480,.T.);
#2495 = ORIENTED_EDGE('',*,*,#2496,.T.);
#2496 = EDGE_CURVE('',#2473,#2497,#2499,.T.);
#2497 = VERTEX_POINT('',#2498);
#2498 = CARTESIAN_POINT('',(-11.040961,16.892401,16.49));
#2499 = LINE('',#2500,#2501);
#2500 = CARTESIAN_POINT('',(-10.960525,15.323886,16.49));
#2501 = VECTOR('',#2502,1.);
#2502 = DIRECTION('',(-5.121432861383E-02,0.998687685187,0.));
#2503 = ORIENTED_EDGE('',*,*,#2504,.F.);
#2504 = EDGE_CURVE('',#650,#2497,#2505,.T.);
#2505 = LINE('',#2506,#2507);
#2506 = CARTESIAN_POINT('',(-11.040961,16.892401,16.5));
#2507 = VECTOR('',#2508,1.);
#2508 = DIRECTION('',(-0.,-0.,-1.));
#2509 = ORIENTED_EDGE('',*,*,#657,.F.);
#2510 = PLANE('',#2511);
#2511 = AXIS2_PLACEMENT_3D('',#2512,#2513,#2514);
#2512 = CARTESIAN_POINT('',(-10.960525,15.323886,16.5));
#2513 = DIRECTION('',(0.998687685187,5.121432861383E-02,0.));
#2514 = DIRECTION('',(-5.121432861383E-02,0.998687685187,0.));
#2515 = ADVANCED_FACE('',(#2516),#2534,.F.);
#2516 = FACE_BOUND('',#2517,.F.);
#2517 = EDGE_LOOP('',(#2518,#2519,#2527,#2533));
#2518 = ORIENTED_EDGE('',*,*,#2504,.T.);
#2519 = ORIENTED_EDGE('',*,*,#2520,.T.);
#2520 = EDGE_CURVE('',#2497,#2521,#2523,.T.);
#2521 = VERTEX_POINT('',#2522);
#2522 = CARTESIAN_POINT('',(-12.0062,16.16847,16.49));
#2523 = LINE('',#2524,#2525);
#2524 = CARTESIAN_POINT('',(-11.040961,16.892401,16.49));
#2525 = VECTOR('',#2526,1.);
#2526 = DIRECTION('',(-0.799999303799,-0.600000928266,0.));
#2527 = ORIENTED_EDGE('',*,*,#2528,.F.);
#2528 = EDGE_CURVE('',#642,#2521,#2529,.T.);
#2529 = LINE('',#2530,#2531);
#2530 = CARTESIAN_POINT('',(-12.0062,16.16847,16.5));
#2531 = VECTOR('',#2532,1.);
#2532 = DIRECTION('',(-0.,-0.,-1.));
#2533 = ORIENTED_EDGE('',*,*,#649,.F.);
#2534 = PLANE('',#2535);
#2535 = AXIS2_PLACEMENT_3D('',#2536,#2537,#2538);
#2536 = CARTESIAN_POINT('',(-11.040961,16.892401,16.5));
#2537 = DIRECTION('',(-0.600000928266,0.799999303799,0.));
#2538 = DIRECTION('',(-0.799999303799,-0.600000928266,0.));
#2539 = ADVANCED_FACE('',(#2540),#2558,.F.);
#2540 = FACE_BOUND('',#2541,.F.);
#2541 = EDGE_LOOP('',(#2542,#2543,#2551,#2557));
#2542 = ORIENTED_EDGE('',*,*,#2528,.T.);
#2543 = ORIENTED_EDGE('',*,*,#2544,.T.);
#2544 = EDGE_CURVE('',#2521,#2545,#2547,.T.);
#2545 = VERTEX_POINT('',#2546);
#2546 = CARTESIAN_POINT('',(-14.097556,16.16847,16.49));
#2547 = LINE('',#2548,#2549);
#2548 = CARTESIAN_POINT('',(-12.0062,16.16847,16.49));
#2549 = VECTOR('',#2550,1.);
#2550 = DIRECTION('',(-1.,0.,0.));
#2551 = ORIENTED_EDGE('',*,*,#2552,.F.);
#2552 = EDGE_CURVE('',#634,#2545,#2553,.T.);
#2553 = LINE('',#2554,#2555);
#2554 = CARTESIAN_POINT('',(-14.097556,16.16847,16.5));
#2555 = VECTOR('',#2556,1.);
#2556 = DIRECTION('',(-0.,-0.,-1.));
#2557 = ORIENTED_EDGE('',*,*,#641,.F.);
#2558 = PLANE('',#2559);
#2559 = AXIS2_PLACEMENT_3D('',#2560,#2561,#2562);
#2560 = CARTESIAN_POINT('',(-12.0062,16.16847,16.5));
#2561 = DIRECTION('',(0.,1.,0.));
#2562 = DIRECTION('',(-1.,0.,0.));
#2563 = ADVANCED_FACE('',(#2564),#2582,.F.);
#2564 = FACE_BOUND('',#2565,.F.);
#2565 = EDGE_LOOP('',(#2566,#2567,#2575,#2581));
#2566 = ORIENTED_EDGE('',*,*,#2552,.T.);
#2567 = ORIENTED_EDGE('',*,*,#2568,.T.);
#2568 = EDGE_CURVE('',#2545,#2569,#2571,.T.);
#2569 = VERTEX_POINT('',#2570);
#2570 = CARTESIAN_POINT('',(-14.177991,17.857641,16.49));
#2571 = LINE('',#2572,#2573);
#2572 = CARTESIAN_POINT('',(-14.097556,16.16847,16.49));
#2573 = VECTOR('',#2574,1.);
#2574 = DIRECTION('',(-4.756413798948E-02,0.998868185887,0.));
#2575 = ORIENTED_EDGE('',*,*,#2576,.F.);
#2576 = EDGE_CURVE('',#626,#2569,#2577,.T.);
#2577 = LINE('',#2578,#2579);
#2578 = CARTESIAN_POINT('',(-14.177991,17.857641,16.5));
#2579 = VECTOR('',#2580,1.);
#2580 = DIRECTION('',(-0.,-0.,-1.));
#2581 = ORIENTED_EDGE('',*,*,#633,.F.);
#2582 = PLANE('',#2583);
#2583 = AXIS2_PLACEMENT_3D('',#2584,#2585,#2586);
#2584 = CARTESIAN_POINT('',(-14.097556,16.16847,16.5));
#2585 = DIRECTION('',(0.998868185887,4.756413798948E-02,0.));
#2586 = DIRECTION('',(-4.756413798948E-02,0.998868185887,0.));
#2587 = ADVANCED_FACE('',(#2588),#2606,.F.);
#2588 = FACE_BOUND('',#2589,.F.);
#2589 = EDGE_LOOP('',(#2590,#2591,#2599,#2605));
#2590 = ORIENTED_EDGE('',*,*,#2576,.T.);
#2591 = ORIENTED_EDGE('',*,*,#2592,.T.);
#2592 = EDGE_CURVE('',#2569,#2593,#2595,.T.);
#2593 = VERTEX_POINT('',#2594);
#2594 = CARTESIAN_POINT('',(-11.081178,17.857641,16.49));
#2595 = LINE('',#2596,#2597);
#2596 = CARTESIAN_POINT('',(-14.177991,17.857641,16.49));
#2597 = VECTOR('',#2598,1.);
#2598 = DIRECTION('',(1.,0.,0.));
#2599 = ORIENTED_EDGE('',*,*,#2600,.F.);
#2600 = EDGE_CURVE('',#618,#2593,#2601,.T.);
#2601 = LINE('',#2602,#2603);
#2602 = CARTESIAN_POINT('',(-11.081178,17.857641,16.5));
#2603 = VECTOR('',#2604,1.);
#2604 = DIRECTION('',(-0.,-0.,-1.));
#2605 = ORIENTED_EDGE('',*,*,#625,.F.);
#2606 = PLANE('',#2607);
#2607 = AXIS2_PLACEMENT_3D('',#2608,#2609,#2610);
#2608 = CARTESIAN_POINT('',(-14.177991,17.857641,16.5));
#2609 = DIRECTION('',(0.,-1.,0.));
#2610 = DIRECTION('',(1.,0.,0.));
#2611 = ADVANCED_FACE('',(#2612),#2630,.F.);
#2612 = FACE_BOUND('',#2613,.F.);
#2613 = EDGE_LOOP('',(#2614,#2615,#2623,#2629));
#2614 = ORIENTED_EDGE('',*,*,#2600,.T.);
#2615 = ORIENTED_EDGE('',*,*,#2616,.T.);
#2616 = EDGE_CURVE('',#2593,#2617,#2619,.T.);
#2617 = VERTEX_POINT('',#2618);
#2618 = CARTESIAN_POINT('',(-11.161614,18.983755,16.49));
#2619 = LINE('',#2620,#2621);
#2620 = CARTESIAN_POINT('',(-11.081178,17.857641,16.49));
#2621 = VECTOR('',#2622,1.);
#2622 = DIRECTION('',(-7.124642051883E-02,0.997458744793,0.));
#2623 = ORIENTED_EDGE('',*,*,#2624,.F.);
#2624 = EDGE_CURVE('',#610,#2617,#2625,.T.);
#2625 = LINE('',#2626,#2627);
#2626 = CARTESIAN_POINT('',(-11.161614,18.983755,16.5));
#2627 = VECTOR('',#2628,1.);
#2628 = DIRECTION('',(-0.,-0.,-1.));
#2629 = ORIENTED_EDGE('',*,*,#617,.F.);
#2630 = PLANE('',#2631);
#2631 = AXIS2_PLACEMENT_3D('',#2632,#2633,#2634);
#2632 = CARTESIAN_POINT('',(-11.081178,17.857641,16.5));
#2633 = DIRECTION('',(0.997458744793,7.124642051883E-02,0.));
#2634 = DIRECTION('',(-7.124642051883E-02,0.997458744793,0.));
#2635 = ADVANCED_FACE('',(#2636),#2654,.F.);
#2636 = FACE_BOUND('',#2637,.F.);
#2637 = EDGE_LOOP('',(#2638,#2639,#2647,#2653));
#2638 = ORIENTED_EDGE('',*,*,#2624,.T.);
#2639 = ORIENTED_EDGE('',*,*,#2640,.T.);
#2640 = EDGE_CURVE('',#2617,#2641,#2643,.T.);
#2641 = VERTEX_POINT('',#2642);
#2642 = CARTESIAN_POINT('',(-13.936683,18.983755,16.49));
#2643 = LINE('',#2644,#2645);
#2644 = CARTESIAN_POINT('',(-11.161614,18.983755,16.49));
#2645 = VECTOR('',#2646,1.);
#2646 = DIRECTION('',(-1.,0.,0.));
#2647 = ORIENTED_EDGE('',*,*,#2648,.F.);
#2648 = EDGE_CURVE('',#602,#2641,#2649,.T.);
#2649 = LINE('',#2650,#2651);
#2650 = CARTESIAN_POINT('',(-13.936683,18.983755,16.5));
#2651 = VECTOR('',#2652,1.);
#2652 = DIRECTION('',(-0.,-0.,-1.));
#2653 = ORIENTED_EDGE('',*,*,#609,.F.);
#2654 = PLANE('',#2655);
#2655 = AXIS2_PLACEMENT_3D('',#2656,#2657,#2658);
#2656 = CARTESIAN_POINT('',(-11.161614,18.983755,16.5));
#2657 = DIRECTION('',(0.,1.,0.));
#2658 = DIRECTION('',(-1.,0.,0.));
#2659 = ADVANCED_FACE('',(#2660),#2678,.F.);
#2660 = FACE_BOUND('',#2661,.F.);
#2661 = EDGE_LOOP('',(#2662,#2663,#2671,#2677));
#2662 = ORIENTED_EDGE('',*,*,#2648,.T.);
#2663 = ORIENTED_EDGE('',*,*,#2664,.T.);
#2664 = EDGE_CURVE('',#2641,#2665,#2667,.T.);
#2665 = VERTEX_POINT('',#2666);
#2666 = CARTESIAN_POINT('',(-14.057335,20.632708,16.49));
#2667 = LINE('',#2668,#2669);
#2668 = CARTESIAN_POINT('',(-13.936683,18.983755,16.49));
#2669 = VECTOR('',#2670,1.);
#2670 = DIRECTION('',(-7.297377479531E-02,0.997333859945,0.));
#2671 = ORIENTED_EDGE('',*,*,#2672,.F.);
#2672 = EDGE_CURVE('',#594,#2665,#2673,.T.);
#2673 = LINE('',#2674,#2675);
#2674 = CARTESIAN_POINT('',(-14.057335,20.632708,16.5));
#2675 = VECTOR('',#2676,1.);
#2676 = DIRECTION('',(-0.,-0.,-1.));
#2677 = ORIENTED_EDGE('',*,*,#601,.F.);
#2678 = PLANE('',#2679);
#2679 = AXIS2_PLACEMENT_3D('',#2680,#2681,#2682);
#2680 = CARTESIAN_POINT('',(-13.936683,18.983755,16.5));
#2681 = DIRECTION('',(0.997333859945,7.297377479531E-02,0.));
#2682 = DIRECTION('',(-7.297377479531E-02,0.997333859945,0.));
#2683 = ADVANCED_FACE('',(#2684),#2702,.F.);
#2684 = FACE_BOUND('',#2685,.F.);
#2685 = EDGE_LOOP('',(#2686,#2687,#2695,#2701));
#2686 = ORIENTED_EDGE('',*,*,#2672,.T.);
#2687 = ORIENTED_EDGE('',*,*,#2688,.T.);
#2688 = EDGE_CURVE('',#2665,#2689,#2691,.T.);
#2689 = VERTEX_POINT('',#2690);
#2690 = CARTESIAN_POINT('',(-12.48882,20.632708,16.49));
#2691 = LINE('',#2692,#2693);
#2692 = CARTESIAN_POINT('',(-14.057335,20.632708,16.49));
#2693 = VECTOR('',#2694,1.);
#2694 = DIRECTION('',(1.,0.,0.));
#2695 = ORIENTED_EDGE('',*,*,#2696,.F.);
#2696 = EDGE_CURVE('',#586,#2689,#2697,.T.);
#2697 = LINE('',#2698,#2699);
#2698 = CARTESIAN_POINT('',(-12.48882,20.632708,16.5));
#2699 = VECTOR('',#2700,1.);
#2700 = DIRECTION('',(-0.,-0.,-1.));
#2701 = ORIENTED_EDGE('',*,*,#593,.F.);
#2702 = PLANE('',#2703);
#2703 = AXIS2_PLACEMENT_3D('',#2704,#2705,#2706);
#2704 = CARTESIAN_POINT('',(-14.057335,20.632708,16.5));
#2705 = DIRECTION('',(0.,-1.,0.));
#2706 = DIRECTION('',(1.,0.,0.));
#2707 = ADVANCED_FACE('',(#2708),#2726,.F.);
#2708 = FACE_BOUND('',#2709,.F.);
#2709 = EDGE_LOOP('',(#2710,#2711,#2719,#2725));
#2710 = ORIENTED_EDGE('',*,*,#2696,.T.);
#2711 = ORIENTED_EDGE('',*,*,#2712,.T.);
#2712 = EDGE_CURVE('',#2689,#2713,#2715,.T.);
#2713 = VERTEX_POINT('',#2714);
#2714 = CARTESIAN_POINT('',(-11.322491,20.150087,16.49));
#2715 = LINE('',#2716,#2717);
#2716 = CARTESIAN_POINT('',(-12.48882,20.632708,16.49));
#2717 = VECTOR('',#2718,1.);
#2718 = DIRECTION('',(0.924016243667,-0.382353215546,0.));
#2719 = ORIENTED_EDGE('',*,*,#2720,.F.);
#2720 = EDGE_CURVE('',#578,#2713,#2721,.T.);
#2721 = LINE('',#2722,#2723);
#2722 = CARTESIAN_POINT('',(-11.322491,20.150087,16.5));
#2723 = VECTOR('',#2724,1.);
#2724 = DIRECTION('',(-0.,-0.,-1.));
#2725 = ORIENTED_EDGE('',*,*,#585,.F.);
#2726 = PLANE('',#2727);
#2727 = AXIS2_PLACEMENT_3D('',#2728,#2729,#2730);
#2728 = CARTESIAN_POINT('',(-12.48882,20.632708,16.5));
#2729 = DIRECTION('',(-0.382353215546,-0.924016243667,0.));
#2730 = DIRECTION('',(0.924016243667,-0.382353215546,0.));
#2731 = ADVANCED_FACE('',(#2732),#2750,.F.);
#2732 = FACE_BOUND('',#2733,.F.);
#2733 = EDGE_LOOP('',(#2734,#2735,#2743,#2749));
#2734 = ORIENTED_EDGE('',*,*,#2720,.T.);
#2735 = ORIENTED_EDGE('',*,*,#2736,.T.);
#2736 = EDGE_CURVE('',#2713,#2737,#2739,.T.);
#2737 = VERTEX_POINT('',#2738);
#2738 = CARTESIAN_POINT('',(-11.322491,21.839258,16.49));
#2739 = LINE('',#2740,#2741);
#2740 = CARTESIAN_POINT('',(-11.322491,20.150087,16.49));
#2741 = VECTOR('',#2742,1.);
#2742 = DIRECTION('',(0.,1.,0.));
#2743 = ORIENTED_EDGE('',*,*,#2744,.F.);
#2744 = EDGE_CURVE('',#570,#2737,#2745,.T.);
#2745 = LINE('',#2746,#2747);
#2746 = CARTESIAN_POINT('',(-11.322491,21.839258,16.5));
#2747 = VECTOR('',#2748,1.);
#2748 = DIRECTION('',(-0.,-0.,-1.));
#2749 = ORIENTED_EDGE('',*,*,#577,.F.);
#2750 = PLANE('',#2751);
#2751 = AXIS2_PLACEMENT_3D('',#2752,#2753,#2754);
#2752 = CARTESIAN_POINT('',(-11.322491,20.150087,16.5));
#2753 = DIRECTION('',(1.,0.,0.));
#2754 = DIRECTION('',(0.,1.,0.));
#2755 = ADVANCED_FACE('',(#2756),#2767,.F.);
#2756 = FACE_BOUND('',#2757,.F.);
#2757 = EDGE_LOOP('',(#2758,#2759,#2765,#2766));
#2758 = ORIENTED_EDGE('',*,*,#2744,.T.);
#2759 = ORIENTED_EDGE('',*,*,#2760,.T.);
#2760 = EDGE_CURVE('',#2737,#2441,#2761,.T.);
#2761 = LINE('',#2762,#2763);
#2762 = CARTESIAN_POINT('',(-11.322491,21.839258,16.49));
#2763 = VECTOR('',#2764,1.);
#2764 = DIRECTION('',(-1.,0.,0.));
#2765 = ORIENTED_EDGE('',*,*,#2440,.F.);
#2766 = ORIENTED_EDGE('',*,*,#569,.F.);
#2767 = PLANE('',#2768);
#2768 = AXIS2_PLACEMENT_3D('',#2769,#2770,#2771);
#2769 = CARTESIAN_POINT('',(-11.322491,21.839258,16.5));
#2770 = DIRECTION('',(0.,1.,0.));
#2771 = DIRECTION('',(-1.,0.,0.));
#2772 = ADVANCED_FACE('',(#2773),#2798,.F.);
#2773 = FACE_BOUND('',#2774,.F.);
#2774 = EDGE_LOOP('',(#2775,#2776,#2784,#2792));
#2775 = ORIENTED_EDGE('',*,*,#673,.F.);
#2776 = ORIENTED_EDGE('',*,*,#2777,.T.);
#2777 = EDGE_CURVE('',#674,#2778,#2780,.T.);
#2778 = VERTEX_POINT('',#2779);
#2779 = CARTESIAN_POINT('',(-38.4,12.4,13.));
#2780 = LINE('',#2781,#2782);
#2781 = CARTESIAN_POINT('',(-38.4,12.4,16.5));
#2782 = VECTOR('',#2783,1.);
#2783 = DIRECTION('',(-0.,-0.,-1.));
#2784 = ORIENTED_EDGE('',*,*,#2785,.T.);
#2785 = EDGE_CURVE('',#2778,#2786,#2788,.T.);
#2786 = VERTEX_POINT('',#2787);
#2787 = CARTESIAN_POINT('',(-38.4,-7.4,13.));
#2788 = LINE('',#2789,#2790);
#2789 = CARTESIAN_POINT('',(-38.4,6.2,13.));
#2790 = VECTOR('',#2791,1.);
#2791 = DIRECTION('',(0.,-1.,0.));
#2792 = ORIENTED_EDGE('',*,*,#2793,.F.);
#2793 = EDGE_CURVE('',#676,#2786,#2794,.T.);
#2794 = LINE('',#2795,#2796);
#2795 = CARTESIAN_POINT('',(-38.4,-7.4,16.5));
#2796 = VECTOR('',#2797,1.);
#2797 = DIRECTION('',(-0.,-0.,-1.));
#2798 = PLANE('',#2799);
#2799 = AXIS2_PLACEMENT_3D('',#2800,#2801,#2802);
#2800 = CARTESIAN_POINT('',(-38.4,12.4,16.5));
#2801 = DIRECTION('',(-1.,0.,0.));
#2802 = DIRECTION('',(0.,-1.,0.));
#2803 = ADVANCED_FACE('',(#2804),#2838,.F.);
#2804 = FACE_BOUND('',#2805,.F.);
#2805 = EDGE_LOOP('',(#2806,#2807,#2815,#2823,#2831,#2837));
#2806 = ORIENTED_EDGE('',*,*,#683,.F.);
#2807 = ORIENTED_EDGE('',*,*,#2808,.F.);
#2808 = EDGE_CURVE('',#2809,#684,#2811,.T.);
#2809 = VERTEX_POINT('',#2810);
#2810 = CARTESIAN_POINT('',(24.076406981168,12.4,16.49));
#2811 = LINE('',#2812,#2813);
#2812 = CARTESIAN_POINT('',(24.076406981168,12.4,16.5));
#2813 = VECTOR('',#2814,1.);
#2814 = DIRECTION('',(0.,0.,1.));
#2815 = ORIENTED_EDGE('',*,*,#2816,.T.);
#2816 = EDGE_CURVE('',#2809,#2817,#2819,.T.);
#2817 = VERTEX_POINT('',#2818);
#2818 = CARTESIAN_POINT('',(38.4,12.4,16.49));
#2819 = LINE('',#2820,#2821);
#2820 = CARTESIAN_POINT('',(35.327269874595,12.4,16.49));
#2821 = VECTOR('',#2822,1.);
#2822 = DIRECTION('',(1.,0.,0.));
#2823 = ORIENTED_EDGE('',*,*,#2824,.T.);
#2824 = EDGE_CURVE('',#2817,#2825,#2827,.T.);
#2825 = VERTEX_POINT('',#2826);
#2826 = CARTESIAN_POINT('',(38.4,12.4,13.));
#2827 = LINE('',#2828,#2829);
#2828 = CARTESIAN_POINT('',(38.4,12.4,16.5));
#2829 = VECTOR('',#2830,1.);
#2830 = DIRECTION('',(-0.,-0.,-1.));
#2831 = ORIENTED_EDGE('',*,*,#2832,.T.);
#2832 = EDGE_CURVE('',#2825,#2778,#2833,.T.);
#2833 = LINE('',#2834,#2835);
#2834 = CARTESIAN_POINT('',(19.2,12.4,13.));
#2835 = VECTOR('',#2836,1.);
#2836 = DIRECTION('',(-1.,0.,0.));
#2837 = ORIENTED_EDGE('',*,*,#2777,.F.);
#2838 = PLANE('',#2839);
#2839 = AXIS2_PLACEMENT_3D('',#2840,#2841,#2842);
#2840 = CARTESIAN_POINT('',(38.4,12.4,16.5));
#2841 = DIRECTION('',(0.,1.,0.));
#2842 = DIRECTION('',(-1.,0.,0.));
#2843 = ADVANCED_FACE('',(#2844),#2862,.F.);
#2844 = FACE_BOUND('',#2845,.F.);
#2845 = EDGE_LOOP('',(#2846,#2847,#2848,#2856));
#2846 = ORIENTED_EDGE('',*,*,#717,.F.);
#2847 = ORIENTED_EDGE('',*,*,#2793,.T.);
#2848 = ORIENTED_EDGE('',*,*,#2849,.T.);
#2849 = EDGE_CURVE('',#2786,#2850,#2852,.T.);
#2850 = VERTEX_POINT('',#2851);
#2851 = CARTESIAN_POINT('',(38.4,-7.4,13.));
#2852 = LINE('',#2853,#2854);
#2853 = CARTESIAN_POINT('',(-19.2,-7.4,13.));
#2854 = VECTOR('',#2855,1.);
#2855 = DIRECTION('',(1.,0.,0.));
#2856 = ORIENTED_EDGE('',*,*,#2857,.F.);
#2857 = EDGE_CURVE('',#710,#2850,#2858,.T.);
#2858 = LINE('',#2859,#2860);
#2859 = CARTESIAN_POINT('',(38.4,-7.4,16.5));
#2860 = VECTOR('',#2861,1.);
#2861 = DIRECTION('',(-0.,-0.,-1.));
#2862 = PLANE('',#2863);
#2863 = AXIS2_PLACEMENT_3D('',#2864,#2865,#2866);
#2864 = CARTESIAN_POINT('',(-38.4,-7.4,16.5));
#2865 = DIRECTION('',(0.,-1.,0.));
#2866 = DIRECTION('',(1.,0.,0.));
#2867 = ADVANCED_FACE('',(#2868),#2897,.F.);
#2868 = FACE_BOUND('',#2869,.F.);
#2869 = EDGE_LOOP('',(#2870,#2871,#2872,#2873,#2881,#2890));
#2870 = ORIENTED_EDGE('',*,*,#2808,.T.);
#2871 = ORIENTED_EDGE('',*,*,#691,.F.);
#2872 = ORIENTED_EDGE('',*,*,#700,.F.);
#2873 = ORIENTED_EDGE('',*,*,#2874,.F.);
#2874 = EDGE_CURVE('',#2875,#701,#2877,.T.);
#2875 = VERTEX_POINT('',#2876);
#2876 = CARTESIAN_POINT('',(38.4,11.740247532939,16.49));
#2877 = LINE('',#2878,#2879);
#2878 = CARTESIAN_POINT('',(38.4,11.740247532939,16.5));
#2879 = VECTOR('',#2880,1.);
#2880 = DIRECTION('',(0.,0.,1.));
#2881 = ORIENTED_EDGE('',*,*,#2882,.T.);
#2882 = EDGE_CURVE('',#2875,#2883,#2885,.T.);
#2883 = VERTEX_POINT('',#2884);
#2884 = CARTESIAN_POINT('',(46.844442,25.231899,16.49));
#2885 = CIRCLE('',#2886,15.);
#2886 = AXIS2_PLACEMENT_3D('',#2887,#2888,#2889);
#2887 = CARTESIAN_POINT('',(31.844442,25.231899,16.49));
#2888 = DIRECTION('',(0.,0.,1.));
#2889 = DIRECTION('',(1.,0.,0.));
#2890 = ORIENTED_EDGE('',*,*,#2891,.T.);
#2891 = EDGE_CURVE('',#2883,#2809,#2892,.T.);
#2892 = CIRCLE('',#2893,15.);
#2893 = AXIS2_PLACEMENT_3D('',#2894,#2895,#2896);
#2894 = CARTESIAN_POINT('',(31.844442,25.231899,16.49));
#2895 = DIRECTION('',(0.,0.,1.));
#2896 = DIRECTION('',(1.,0.,0.));
#2897 = CYLINDRICAL_SURFACE('',#2898,15.);
#2898 = AXIS2_PLACEMENT_3D('',#2899,#2900,#2901);
#2899 = CARTESIAN_POINT('',(31.844442,25.231899,16.5));
#2900 = DIRECTION('',(0.,0.,1.));
#2901 = DIRECTION('',(1.,0.,0.));
#2902 = ADVANCED_FACE('',(#2903),#2921,.F.);
#2903 = FACE_BOUND('',#2904,.F.);
#2904 = EDGE_LOOP('',(#2905,#2906,#2907,#2913,#2914,#2920));
#2905 = ORIENTED_EDGE('',*,*,#709,.F.);
#2906 = ORIENTED_EDGE('',*,*,#2857,.T.);
#2907 = ORIENTED_EDGE('',*,*,#2908,.T.);
#2908 = EDGE_CURVE('',#2850,#2825,#2909,.T.);
#2909 = LINE('',#2910,#2911);
#2910 = CARTESIAN_POINT('',(38.4,-3.7,13.));
#2911 = VECTOR('',#2912,1.);
#2912 = DIRECTION('',(0.,1.,0.));
#2913 = ORIENTED_EDGE('',*,*,#2824,.F.);
#2914 = ORIENTED_EDGE('',*,*,#2915,.T.);
#2915 = EDGE_CURVE('',#2817,#2875,#2916,.T.);
#2916 = LINE('',#2917,#2918);
#2917 = CARTESIAN_POINT('',(38.4,9.348819192342,16.49));
#2918 = VECTOR('',#2919,1.);
#2919 = DIRECTION('',(0.,-1.,0.));
#2920 = ORIENTED_EDGE('',*,*,#2874,.T.);
#2921 = PLANE('',#2922);
#2922 = AXIS2_PLACEMENT_3D('',#2923,#2924,#2925);
#2923 = CARTESIAN_POINT('',(38.4,-7.4,16.5));
#2924 = DIRECTION('',(1.,0.,0.));
#2925 = DIRECTION('',(0.,1.,0.));
#2926 = ADVANCED_FACE('',(#2927),#2946,.F.);
#2927 = FACE_BOUND('',#2928,.F.);
#2928 = EDGE_LOOP('',(#2929,#2930,#2938,#2945));
#2929 = ORIENTED_EDGE('',*,*,#725,.F.);
#2930 = ORIENTED_EDGE('',*,*,#2931,.T.);
#2931 = EDGE_CURVE('',#726,#2932,#2934,.T.);
#2932 = VERTEX_POINT('',#2933);
#2933 = CARTESIAN_POINT('',(12.7,24.35,13.));
#2934 = LINE('',#2935,#2936);
#2935 = CARTESIAN_POINT('',(12.7,24.35,16.5));
#2936 = VECTOR('',#2937,1.);
#2937 = DIRECTION('',(-0.,-0.,-1.));
#2938 = ORIENTED_EDGE('',*,*,#2939,.T.);
#2939 = EDGE_CURVE('',#2932,#2932,#2940,.T.);
#2940 = CIRCLE('',#2941,3.4);
#2941 = AXIS2_PLACEMENT_3D('',#2942,#2943,#2944);
#2942 = CARTESIAN_POINT('',(9.3,24.35,13.));
#2943 = DIRECTION('',(0.,0.,1.));
#2944 = DIRECTION('',(1.,0.,0.));
#2945 = ORIENTED_EDGE('',*,*,#2931,.F.);
#2946 = CYLINDRICAL_SURFACE('',#2947,3.4);
#2947 = AXIS2_PLACEMENT_3D('',#2948,#2949,#2950);
#2948 = CARTESIAN_POINT('',(9.3,24.35,16.5));
#2949 = DIRECTION('',(0.,0.,1.));
#2950 = DIRECTION('',(1.,0.,0.));
#2951 = ADVANCED_FACE('',(#2952),#2963,.F.);
#2952 = FACE_BOUND('',#2953,.F.);
#2953 = EDGE_LOOP('',(#2954,#2955,#2956,#2957));
#2954 = ORIENTED_EDGE('',*,*,#888,.F.);
#2955 = ORIENTED_EDGE('',*,*,#828,.F.);
#2956 = ORIENTED_EDGE('',*,*,#742,.T.);
#2957 = ORIENTED_EDGE('',*,*,#2958,.T.);
#2958 = EDGE_CURVE('',#745,#889,#2959,.T.);
#2959 = LINE('',#2960,#2961);
#2960 = CARTESIAN_POINT('',(-31.55,14.275,13.));
#2961 = VECTOR('',#2962,1.);
#2962 = DIRECTION('',(0.,-1.,0.));
#2963 = PLANE('',#2964);
#2964 = AXIS2_PLACEMENT_3D('',#2965,#2966,#2967);
#2965 = CARTESIAN_POINT('',(-31.55,28.55,16.5));
#2966 = DIRECTION('',(-1.,0.,0.));
#2967 = DIRECTION('',(0.,-1.,0.));
#2968 = ADVANCED_FACE('',(#2969,#3031,#3037,#3048,#3054),#3057,.F.);
#2969 = FACE_BOUND('',#2970,.F.);
#2970 = EDGE_LOOP('',(#2971,#2972,#2980,#2986,#2987,#2995,#3001,#3002,
    #3010,#3016,#3017,#3025));
#2971 = ORIENTED_EDGE('',*,*,#1129,.T.);
#2972 = ORIENTED_EDGE('',*,*,#2973,.T.);
#2973 = EDGE_CURVE('',#1130,#2974,#2976,.T.);
#2974 = VERTEX_POINT('',#2975);
#2975 = CARTESIAN_POINT('',(-39.11,-32.485,13.));
#2976 = LINE('',#2977,#2978);
#2977 = CARTESIAN_POINT('',(-49.9,-32.485,13.));
#2978 = VECTOR('',#2979,1.);
#2979 = DIRECTION('',(1.,0.,0.));
#2980 = ORIENTED_EDGE('',*,*,#2981,.T.);
#2981 = EDGE_CURVE('',#2974,#995,#2982,.T.);
#2982 = LINE('',#2983,#2984);
#2983 = CARTESIAN_POINT('',(-39.11,-35.375,13.));
#2984 = VECTOR('',#2985,1.);
#2985 = DIRECTION('',(0.,-1.,0.));
#2986 = ORIENTED_EDGE('',*,*,#1002,.T.);
#2987 = ORIENTED_EDGE('',*,*,#2988,.F.);
#2988 = EDGE_CURVE('',#2989,#1003,#2991,.T.);
#2989 = VERTEX_POINT('',#2990);
#2990 = CARTESIAN_POINT('',(39.11,-32.485,13.));
#2991 = LINE('',#2992,#2993);
#2992 = CARTESIAN_POINT('',(39.11,-35.375,13.));
#2993 = VECTOR('',#2994,1.);
#2994 = DIRECTION('',(0.,-1.,0.));
#2995 = ORIENTED_EDGE('',*,*,#2996,.F.);
#2996 = EDGE_CURVE('',#1192,#2989,#2997,.T.);
#2997 = LINE('',#2998,#2999);
#2998 = CARTESIAN_POINT('',(49.9,-32.485,13.));
#2999 = VECTOR('',#3000,1.);
#3000 = DIRECTION('',(-1.,0.,0.));
#3001 = ORIENTED_EDGE('',*,*,#1199,.T.);
#3002 = ORIENTED_EDGE('',*,*,#3003,.T.);
#3003 = EDGE_CURVE('',#1200,#3004,#3006,.T.);
#3004 = VERTEX_POINT('',#3005);
#3005 = CARTESIAN_POINT('',(39.11,32.485,13.));
#3006 = LINE('',#3007,#3008);
#3007 = CARTESIAN_POINT('',(49.9,32.485,13.));
#3008 = VECTOR('',#3009,1.);
#3009 = DIRECTION('',(-1.,0.,0.));
#3010 = ORIENTED_EDGE('',*,*,#3011,.T.);
#3011 = EDGE_CURVE('',#3004,#1312,#3012,.T.);
#3012 = LINE('',#3013,#3014);
#3013 = CARTESIAN_POINT('',(39.11,35.375,13.));
#3014 = VECTOR('',#3015,1.);
#3015 = DIRECTION('',(0.,1.,0.));
#3016 = ORIENTED_EDGE('',*,*,#1319,.T.);
#3017 = ORIENTED_EDGE('',*,*,#3018,.F.);
#3018 = EDGE_CURVE('',#3019,#1320,#3021,.T.);
#3019 = VERTEX_POINT('',#3020);
#3020 = CARTESIAN_POINT('',(-39.11,32.485,13.));
#3021 = LINE('',#3022,#3023);
#3022 = CARTESIAN_POINT('',(-39.11,35.375,13.));
#3023 = VECTOR('',#3024,1.);
#3024 = DIRECTION('',(0.,1.,0.));
#3025 = ORIENTED_EDGE('',*,*,#3026,.F.);
#3026 = EDGE_CURVE('',#1122,#3019,#3027,.T.);
#3027 = LINE('',#3028,#3029);
#3028 = CARTESIAN_POINT('',(-49.9,32.485,13.));
#3029 = VECTOR('',#3030,1.);
#3030 = DIRECTION('',(1.,0.,0.));
#3031 = FACE_BOUND('',#3032,.F.);
#3032 = EDGE_LOOP('',(#3033,#3034,#3035,#3036));
#3033 = ORIENTED_EDGE('',*,*,#1369,.F.);
#3034 = ORIENTED_EDGE('',*,*,#1400,.F.);
#3035 = ORIENTED_EDGE('',*,*,#1441,.F.);
#3036 = ORIENTED_EDGE('',*,*,#1417,.F.);
#3037 = FACE_BOUND('',#3038,.F.);
#3038 = EDGE_LOOP('',(#3039,#3040,#3041,#3047));
#3039 = ORIENTED_EDGE('',*,*,#2958,.F.);
#3040 = ORIENTED_EDGE('',*,*,#804,.F.);
#3041 = ORIENTED_EDGE('',*,*,#3042,.F.);
#3042 = EDGE_CURVE('',#871,#797,#3043,.T.);
#3043 = LINE('',#3044,#3045);
#3044 = CARTESIAN_POINT('',(-9.17,11.485,13.));
#3045 = VECTOR('',#3046,1.);
#3046 = DIRECTION('',(0.,1.,0.));
#3047 = ORIENTED_EDGE('',*,*,#896,.F.);
#3048 = FACE_BOUND('',#3049,.F.);
#3049 = EDGE_LOOP('',(#3050,#3051,#3052,#3053));
#3050 = ORIENTED_EDGE('',*,*,#2785,.F.);
#3051 = ORIENTED_EDGE('',*,*,#2832,.F.);
#3052 = ORIENTED_EDGE('',*,*,#2908,.F.);
#3053 = ORIENTED_EDGE('',*,*,#2849,.F.);
#3054 = FACE_BOUND('',#3055,.F.);
#3055 = EDGE_LOOP('',(#3056));
#3056 = ORIENTED_EDGE('',*,*,#2939,.F.);
#3057 = PLANE('',#3058);
#3058 = AXIS2_PLACEMENT_3D('',#3059,#3060,#3061);
#3059 = CARTESIAN_POINT('',(0.,0.,13.));
#3060 = DIRECTION('',(0.,0.,1.));
#3061 = DIRECTION('',(1.,0.,0.));
#3062 = ADVANCED_FACE('',(#3063),#3069,.F.);
#3063 = FACE_BOUND('',#3064,.F.);
#3064 = EDGE_LOOP('',(#3065,#3066,#3067,#3068));
#3065 = ORIENTED_EDGE('',*,*,#796,.F.);
#3066 = ORIENTED_EDGE('',*,*,#962,.F.);
#3067 = ORIENTED_EDGE('',*,*,#868,.T.);
#3068 = ORIENTED_EDGE('',*,*,#3042,.T.);
#3069 = PLANE('',#3070);
#3070 = AXIS2_PLACEMENT_3D('',#3071,#3072,#3073);
#3071 = CARTESIAN_POINT('',(-9.17,22.97,16.5));
#3072 = DIRECTION('',(1.,0.,0.));
#3073 = DIRECTION('',(0.,1.,0.));
#3074 = ADVANCED_FACE('',(#3075,#3081,#3099,#3110),#3121,.T.);
#3075 = FACE_BOUND('',#3076,.T.);
#3076 = EDGE_LOOP('',(#3077,#3078,#3079,#3080));
#3077 = ORIENTED_EDGE('',*,*,#844,.F.);
#3078 = ORIENTED_EDGE('',*,*,#770,.T.);
#3079 = ORIENTED_EDGE('',*,*,#942,.T.);
#3080 = ORIENTED_EDGE('',*,*,#911,.F.);
#3081 = FACE_BOUND('',#3082,.T.);
#3082 = EDGE_LOOP('',(#3083,#3093));
#3083 = ORIENTED_EDGE('',*,*,#3084,.F.);
#3084 = EDGE_CURVE('',#3085,#3087,#3089,.T.);
#3085 = VERTEX_POINT('',#3086);
#3086 = CARTESIAN_POINT('',(-21.61041542515,30.064508525975,16.49));
#3087 = VERTEX_POINT('',#3088);
#3088 = CARTESIAN_POINT('',(-21.04499612583,30.073205907531,16.49));
#3089 = B_SPLINE_CURVE_WITH_KNOTS('',2,(#3090,#3091,#3092),
  .UNSPECIFIED.,.F.,.F.,(3,3),(0.,1.),.PIECEWISE_BEZIER_KNOTS.);
#3090 = CARTESIAN_POINT('',(-21.61041542515,30.064508525975,16.49));
#3091 = CARTESIAN_POINT('',(-21.312953,29.109775,16.49));
#3092 = CARTESIAN_POINT('',(-21.04499612583,30.073205907531,16.49));
#3093 = ORIENTED_EDGE('',*,*,#3094,.T.);
#3094 = EDGE_CURVE('',#3085,#3087,#3095,.T.);
#3095 = B_SPLINE_CURVE_WITH_KNOTS('',2,(#3096,#3097,#3098),
  .UNSPECIFIED.,.F.,.F.,(3,3),(0.,1.),.PIECEWISE_BEZIER_KNOTS.);
#3096 = CARTESIAN_POINT('',(-21.61041542515,30.064508525975,16.49));
#3097 = CARTESIAN_POINT('',(-21.335125,30.499697,16.49));
#3098 = CARTESIAN_POINT('',(-21.04499612583,30.073205907531,16.49));
#3099 = FACE_BOUND('',#3100,.T.);
#3100 = EDGE_LOOP('',(#3101));
#3101 = ORIENTED_EDGE('',*,*,#3102,.F.);
#3102 = EDGE_CURVE('',#3103,#3103,#3105,.T.);
#3103 = VERTEX_POINT('',#3104);
#3104 = CARTESIAN_POINT('',(-21.808486,31.064964,16.49));
#3105 = CIRCLE('',#3106,1.09389);
#3106 = AXIS2_PLACEMENT_3D('',#3107,#3108,#3109);
#3107 = CARTESIAN_POINT('',(-22.902376,31.064964,16.49));
#3108 = DIRECTION('',(0.,0.,1.));
#3109 = DIRECTION('',(1.,0.,0.));
#3110 = FACE_BOUND('',#3111,.T.);
#3111 = EDGE_LOOP('',(#3112));
#3112 = ORIENTED_EDGE('',*,*,#3113,.F.);
#3113 = EDGE_CURVE('',#3114,#3114,#3116,.T.);
#3114 = VERTEX_POINT('',#3115);
#3115 = CARTESIAN_POINT('',(-17.76869971139,31.187126,16.49));
#3116 = CIRCLE('',#3117,1.513937288601);
#3117 = AXIS2_PLACEMENT_3D('',#3118,#3119,#3120);
#3118 = CARTESIAN_POINT('',(-19.282637,31.187126,16.49));
#3119 = DIRECTION('',(0.,0.,1.));
#3120 = DIRECTION('',(1.,0.,0.));
#3121 = PLANE('',#3122);
#3122 = AXIS2_PLACEMENT_3D('',#3123,#3124,#3125);
#3123 = CARTESIAN_POINT('',(-20.97375390153,31.20522682832,16.49));
#3124 = DIRECTION('',(0.,0.,1.));
#3125 = DIRECTION('',(1.,0.,0.));
#3126 = ADVANCED_FACE('',(#3127,#3146),#3157,.F.);
#3127 = FACE_BOUND('',#3128,.F.);
#3128 = EDGE_LOOP('',(#3129,#3130,#3131,#3132,#3140));
#3129 = ORIENTED_EDGE('',*,*,#1153,.F.);
#3130 = ORIENTED_EDGE('',*,*,#1055,.T.);
#3131 = ORIENTED_EDGE('',*,*,#976,.F.);
#3132 = ORIENTED_EDGE('',*,*,#3133,.F.);
#3133 = EDGE_CURVE('',#3134,#977,#3136,.T.);
#3134 = VERTEX_POINT('',#3135);
#3135 = CARTESIAN_POINT('',(-42.,-35.375,10.1));
#3136 = LINE('',#3137,#3138);
#3137 = CARTESIAN_POINT('',(-42.,-35.375,10.1));
#3138 = VECTOR('',#3139,1.);
#3139 = DIRECTION('',(0.,-1.,0.));
#3140 = ORIENTED_EDGE('',*,*,#3141,.F.);
#3141 = EDGE_CURVE('',#1146,#3134,#3142,.T.);
#3142 = LINE('',#3143,#3144);
#3143 = CARTESIAN_POINT('',(-49.9,-35.375,10.1));
#3144 = VECTOR('',#3145,1.);
#3145 = DIRECTION('',(1.,0.,0.));
#3146 = FACE_BOUND('',#3147,.F.);
#3147 = EDGE_LOOP('',(#3148));
#3148 = ORIENTED_EDGE('',*,*,#3149,.T.);
#3149 = EDGE_CURVE('',#3150,#3150,#3152,.T.);
#3150 = VERTEX_POINT('',#3151);
#3151 = CARTESIAN_POINT('',(-43.55,-39.275,10.1));
#3152 = CIRCLE('',#3153,2.35);
#3153 = AXIS2_PLACEMENT_3D('',#3154,#3155,#3156);
#3154 = CARTESIAN_POINT('',(-45.9,-39.275,10.1));
#3155 = DIRECTION('',(0.,0.,-1.));
#3156 = DIRECTION('',(1.,0.,0.));
#3157 = PLANE('',#3158);
#3158 = AXIS2_PLACEMENT_3D('',#3159,#3160,#3161);
#3159 = CARTESIAN_POINT('',(4.497105922532E-16,-3.597684738026E-15,10.1)
  );
#3160 = DIRECTION('',(0.,0.,1.));
#3161 = DIRECTION('',(1.,0.,0.));
#3162 = ADVANCED_FACE('',(#3163),#3181,.F.);
#3163 = FACE_BOUND('',#3164,.F.);
#3164 = EDGE_LOOP('',(#3165,#3173,#3174,#3175));
#3165 = ORIENTED_EDGE('',*,*,#3166,.T.);
#3166 = EDGE_CURVE('',#3167,#3134,#3169,.T.);
#3167 = VERTEX_POINT('',#3168);
#3168 = CARTESIAN_POINT('',(-42.,-35.375,10.11));
#3169 = LINE('',#3170,#3171);
#3170 = CARTESIAN_POINT('',(-42.,-35.375,13.));
#3171 = VECTOR('',#3172,1.);
#3172 = DIRECTION('',(-0.,-0.,-1.));
#3173 = ORIENTED_EDGE('',*,*,#3133,.T.);
#3174 = ORIENTED_EDGE('',*,*,#986,.F.);
#3175 = ORIENTED_EDGE('',*,*,#3176,.F.);
#3176 = EDGE_CURVE('',#3167,#987,#3177,.T.);
#3177 = LINE('',#3178,#3179);
#3178 = CARTESIAN_POINT('',(-42.,-35.375,10.11));
#3179 = VECTOR('',#3180,1.);
#3180 = DIRECTION('',(0.,-1.,0.));
#3181 = PLANE('',#3182);
#3182 = AXIS2_PLACEMENT_3D('',#3183,#3184,#3185);
#3183 = CARTESIAN_POINT('',(-42.,-35.375,13.));
#3184 = DIRECTION('',(-1.,0.,0.));
#3185 = DIRECTION('',(0.,-1.,0.));
#3186 = ADVANCED_FACE('',(#3187),#3198,.F.);
#3187 = FACE_BOUND('',#3188,.T.);
#3188 = EDGE_LOOP('',(#3189,#3195,#3196,#3197));
#3189 = ORIENTED_EDGE('',*,*,#3190,.F.);
#3190 = EDGE_CURVE('',#2974,#3167,#3191,.T.);
#3191 = LINE('',#3192,#3193);
#3192 = CARTESIAN_POINT('',(-42.35333333333,-35.72833333333,
    9.756666666667));
#3193 = VECTOR('',#3194,1.);
#3194 = DIRECTION('',(-0.57735026919,-0.57735026919,-0.57735026919));
#3195 = ORIENTED_EDGE('',*,*,#2981,.T.);
#3196 = ORIENTED_EDGE('',*,*,#994,.T.);
#3197 = ORIENTED_EDGE('',*,*,#3176,.F.);
#3198 = PLANE('',#3199);
#3199 = AXIS2_PLACEMENT_3D('',#3200,#3201,#3202);
#3200 = CARTESIAN_POINT('',(-40.555,-35.375,11.555));
#3201 = DIRECTION('',(-0.707106781187,0.,0.707106781187));
#3202 = DIRECTION('',(0.,1.,0.));
#3203 = ADVANCED_FACE('',(#3204,#3223),#3234,.F.);
#3204 = FACE_BOUND('',#3205,.F.);
#3205 = EDGE_LOOP('',(#3206,#3207,#3215,#3221,#3222));
#3206 = ORIENTED_EDGE('',*,*,#1175,.T.);
#3207 = ORIENTED_EDGE('',*,*,#3208,.T.);
#3208 = EDGE_CURVE('',#1176,#3209,#3211,.T.);
#3209 = VERTEX_POINT('',#3210);
#3210 = CARTESIAN_POINT('',(42.,-35.375,10.1));
#3211 = LINE('',#3212,#3213);
#3212 = CARTESIAN_POINT('',(49.9,-35.375,10.1));
#3213 = VECTOR('',#3214,1.);
#3214 = DIRECTION('',(-1.,0.,0.));
#3215 = ORIENTED_EDGE('',*,*,#3216,.T.);
#3216 = EDGE_CURVE('',#3209,#1019,#3217,.T.);
#3217 = LINE('',#3218,#3219);
#3218 = CARTESIAN_POINT('',(42.,-35.375,10.1));
#3219 = VECTOR('',#3220,1.);
#3220 = DIRECTION('',(0.,-1.,0.));
#3221 = ORIENTED_EDGE('',*,*,#1026,.T.);
#3222 = ORIENTED_EDGE('',*,*,#1081,.T.);
#3223 = FACE_BOUND('',#3224,.F.);
#3224 = EDGE_LOOP('',(#3225));
#3225 = ORIENTED_EDGE('',*,*,#3226,.T.);
#3226 = EDGE_CURVE('',#3227,#3227,#3229,.T.);
#3227 = VERTEX_POINT('',#3228);
#3228 = CARTESIAN_POINT('',(48.25,-39.275,10.1));
#3229 = CIRCLE('',#3230,2.35);
#3230 = AXIS2_PLACEMENT_3D('',#3231,#3232,#3233);
#3231 = CARTESIAN_POINT('',(45.9,-39.275,10.1));
#3232 = DIRECTION('',(0.,0.,-1.));
#3233 = DIRECTION('',(1.,0.,0.));
#3234 = PLANE('',#3235);
#3235 = AXIS2_PLACEMENT_3D('',#3236,#3237,#3238);
#3236 = CARTESIAN_POINT('',(4.497105922532E-16,-3.597684738026E-15,10.1)
  );
#3237 = DIRECTION('',(0.,0.,1.));
#3238 = DIRECTION('',(1.,0.,0.));
#3239 = ADVANCED_FACE('',(#3240),#3258,.T.);
#3240 = FACE_BOUND('',#3241,.F.);
#3241 = EDGE_LOOP('',(#3242,#3250,#3251,#3252));
#3242 = ORIENTED_EDGE('',*,*,#3243,.F.);
#3243 = EDGE_CURVE('',#2989,#3244,#3246,.T.);
#3244 = VERTEX_POINT('',#3245);
#3245 = CARTESIAN_POINT('',(42.,-35.375,10.11));
#3246 = LINE('',#3247,#3248);
#3247 = CARTESIAN_POINT('',(42.353333333333,-35.72833333333,
    9.756666666667));
#3248 = VECTOR('',#3249,1.);
#3249 = DIRECTION('',(0.57735026919,-0.57735026919,-0.57735026919));
#3250 = ORIENTED_EDGE('',*,*,#2988,.T.);
#3251 = ORIENTED_EDGE('',*,*,#1010,.T.);
#3252 = ORIENTED_EDGE('',*,*,#3253,.F.);
#3253 = EDGE_CURVE('',#3244,#1011,#3254,.T.);
#3254 = LINE('',#3255,#3256);
#3255 = CARTESIAN_POINT('',(42.,-35.375,10.11));
#3256 = VECTOR('',#3257,1.);
#3257 = DIRECTION('',(0.,-1.,0.));
#3258 = PLANE('',#3259);
#3259 = AXIS2_PLACEMENT_3D('',#3260,#3261,#3262);
#3260 = CARTESIAN_POINT('',(40.555,-35.375,11.555));
#3261 = DIRECTION('',(-0.707106781187,0.,-0.707106781187));
#3262 = DIRECTION('',(0.,1.,0.));
#3263 = ADVANCED_FACE('',(#3264),#3275,.T.);
#3264 = FACE_BOUND('',#3265,.T.);
#3265 = EDGE_LOOP('',(#3266,#3272,#3273,#3274));
#3266 = ORIENTED_EDGE('',*,*,#3267,.T.);
#3267 = EDGE_CURVE('',#3244,#3209,#3268,.T.);
#3268 = LINE('',#3269,#3270);
#3269 = CARTESIAN_POINT('',(42.,-35.375,13.));
#3270 = VECTOR('',#3271,1.);
#3271 = DIRECTION('',(-0.,-0.,-1.));
#3272 = ORIENTED_EDGE('',*,*,#3216,.T.);
#3273 = ORIENTED_EDGE('',*,*,#1018,.F.);
#3274 = ORIENTED_EDGE('',*,*,#3253,.F.);
#3275 = PLANE('',#3276);
#3276 = AXIS2_PLACEMENT_3D('',#3277,#3278,#3279);
#3277 = CARTESIAN_POINT('',(42.,-35.375,13.));
#3278 = DIRECTION('',(-1.,0.,0.));
#3279 = DIRECTION('',(0.,-1.,0.));
#3280 = ADVANCED_FACE('',(#3281,#3300),#3311,.F.);
#3281 = FACE_BOUND('',#3282,.F.);
#3282 = EDGE_LOOP('',(#3283,#3284,#3292,#3298,#3299));
#3283 = ORIENTED_EDGE('',*,*,#1103,.T.);
#3284 = ORIENTED_EDGE('',*,*,#3285,.T.);
#3285 = EDGE_CURVE('',#1106,#3286,#3288,.T.);
#3286 = VERTEX_POINT('',#3287);
#3287 = CARTESIAN_POINT('',(-42.,35.375,10.1));
#3288 = LINE('',#3289,#3290);
#3289 = CARTESIAN_POINT('',(-49.9,35.375,10.1));
#3290 = VECTOR('',#3291,1.);
#3291 = DIRECTION('',(1.,0.,0.));
#3292 = ORIENTED_EDGE('',*,*,#3293,.T.);
#3293 = EDGE_CURVE('',#3286,#1336,#3294,.T.);
#3294 = LINE('',#3295,#3296);
#3295 = CARTESIAN_POINT('',(-42.,35.375,10.1));
#3296 = VECTOR('',#3297,1.);
#3297 = DIRECTION('',(0.,1.,0.));
#3298 = ORIENTED_EDGE('',*,*,#1343,.T.);
#3299 = ORIENTED_EDGE('',*,*,#1247,.F.);
#3300 = FACE_BOUND('',#3301,.F.);
#3301 = EDGE_LOOP('',(#3302));
#3302 = ORIENTED_EDGE('',*,*,#3303,.T.);
#3303 = EDGE_CURVE('',#3304,#3304,#3306,.T.);
#3304 = VERTEX_POINT('',#3305);
#3305 = CARTESIAN_POINT('',(-43.55,39.27,10.1));
#3306 = CIRCLE('',#3307,2.35);
#3307 = AXIS2_PLACEMENT_3D('',#3308,#3309,#3310);
#3308 = CARTESIAN_POINT('',(-45.9,39.27,10.1));
#3309 = DIRECTION('',(0.,0.,-1.));
#3310 = DIRECTION('',(1.,0.,0.));
#3311 = PLANE('',#3312);
#3312 = AXIS2_PLACEMENT_3D('',#3313,#3314,#3315);
#3313 = CARTESIAN_POINT('',(4.497105922532E-16,-3.597684738026E-15,10.1)
  );
#3314 = DIRECTION('',(0.,0.,1.));
#3315 = DIRECTION('',(1.,0.,0.));
#3316 = ADVANCED_FACE('',(#3317),#3335,.T.);
#3317 = FACE_BOUND('',#3318,.T.);
#3318 = EDGE_LOOP('',(#3319,#3320,#3321,#3329));
#3319 = ORIENTED_EDGE('',*,*,#1113,.T.);
#3320 = ORIENTED_EDGE('',*,*,#3285,.T.);
#3321 = ORIENTED_EDGE('',*,*,#3322,.F.);
#3322 = EDGE_CURVE('',#3323,#3286,#3325,.T.);
#3323 = VERTEX_POINT('',#3324);
#3324 = CARTESIAN_POINT('',(-42.,35.375,10.11));
#3325 = LINE('',#3326,#3327);
#3326 = CARTESIAN_POINT('',(-42.,35.375,13.));
#3327 = VECTOR('',#3328,1.);
#3328 = DIRECTION('',(-0.,-0.,-1.));
#3329 = ORIENTED_EDGE('',*,*,#3330,.F.);
#3330 = EDGE_CURVE('',#1114,#3323,#3331,.T.);
#3331 = LINE('',#3332,#3333);
#3332 = CARTESIAN_POINT('',(-49.9,35.375,10.11));
#3333 = VECTOR('',#3334,1.);
#3334 = DIRECTION('',(1.,0.,0.));
#3335 = PLANE('',#3336);
#3336 = AXIS2_PLACEMENT_3D('',#3337,#3338,#3339);
#3337 = CARTESIAN_POINT('',(-49.9,35.375,13.));
#3338 = DIRECTION('',(0.,-1.,0.));
#3339 = DIRECTION('',(1.,0.,0.));
#3340 = ADVANCED_FACE('',(#3341),#3352,.T.);
#3341 = FACE_BOUND('',#3342,.F.);
#3342 = EDGE_LOOP('',(#3343,#3344,#3345,#3351));
#3343 = ORIENTED_EDGE('',*,*,#1121,.F.);
#3344 = ORIENTED_EDGE('',*,*,#3026,.T.);
#3345 = ORIENTED_EDGE('',*,*,#3346,.T.);
#3346 = EDGE_CURVE('',#3019,#3323,#3347,.T.);
#3347 = LINE('',#3348,#3349);
#3348 = CARTESIAN_POINT('',(-42.35333333333,35.728333333333,
    9.756666666667));
#3349 = VECTOR('',#3350,1.);
#3350 = DIRECTION('',(-0.57735026919,0.57735026919,-0.57735026919));
#3351 = ORIENTED_EDGE('',*,*,#3330,.F.);
#3352 = PLANE('',#3353);
#3353 = AXIS2_PLACEMENT_3D('',#3354,#3355,#3356);
#3354 = CARTESIAN_POINT('',(-49.9,33.93,11.555));
#3355 = DIRECTION('',(0.,-0.707106781187,-0.707106781187));
#3356 = DIRECTION('',(-1.,-0.,-0.));
#3357 = ADVANCED_FACE('',(#3358),#3369,.F.);
#3358 = FACE_BOUND('',#3359,.T.);
#3359 = EDGE_LOOP('',(#3360,#3361,#3362,#3363));
#3360 = ORIENTED_EDGE('',*,*,#1137,.F.);
#3361 = ORIENTED_EDGE('',*,*,#2973,.T.);
#3362 = ORIENTED_EDGE('',*,*,#3190,.T.);
#3363 = ORIENTED_EDGE('',*,*,#3364,.F.);
#3364 = EDGE_CURVE('',#1138,#3167,#3365,.T.);
#3365 = LINE('',#3366,#3367);
#3366 = CARTESIAN_POINT('',(-49.9,-35.375,10.11));
#3367 = VECTOR('',#3368,1.);
#3368 = DIRECTION('',(1.,0.,0.));
#3369 = PLANE('',#3370);
#3370 = AXIS2_PLACEMENT_3D('',#3371,#3372,#3373);
#3371 = CARTESIAN_POINT('',(-49.9,-33.93,11.555));
#3372 = DIRECTION('',(0.,-0.707106781187,0.707106781187));
#3373 = DIRECTION('',(-1.,-0.,-0.));
#3374 = ADVANCED_FACE('',(#3375),#3381,.F.);
#3375 = FACE_BOUND('',#3376,.F.);
#3376 = EDGE_LOOP('',(#3377,#3378,#3379,#3380));
#3377 = ORIENTED_EDGE('',*,*,#1145,.T.);
#3378 = ORIENTED_EDGE('',*,*,#3141,.T.);
#3379 = ORIENTED_EDGE('',*,*,#3166,.F.);
#3380 = ORIENTED_EDGE('',*,*,#3364,.F.);
#3381 = PLANE('',#3382);
#3382 = AXIS2_PLACEMENT_3D('',#3383,#3384,#3385);
#3383 = CARTESIAN_POINT('',(-49.9,-35.375,13.));
#3384 = DIRECTION('',(0.,-1.,0.));
#3385 = DIRECTION('',(1.,0.,0.));
#3386 = ADVANCED_FACE('',(#3387),#3398,.T.);
#3387 = FACE_BOUND('',#3388,.T.);
#3388 = EDGE_LOOP('',(#3389,#3390,#3391,#3392));
#3389 = ORIENTED_EDGE('',*,*,#1183,.T.);
#3390 = ORIENTED_EDGE('',*,*,#3208,.T.);
#3391 = ORIENTED_EDGE('',*,*,#3267,.F.);
#3392 = ORIENTED_EDGE('',*,*,#3393,.F.);
#3393 = EDGE_CURVE('',#1184,#3244,#3394,.T.);
#3394 = LINE('',#3395,#3396);
#3395 = CARTESIAN_POINT('',(49.9,-35.375,10.11));
#3396 = VECTOR('',#3397,1.);
#3397 = DIRECTION('',(-1.,0.,0.));
#3398 = PLANE('',#3399);
#3399 = AXIS2_PLACEMENT_3D('',#3400,#3401,#3402);
#3400 = CARTESIAN_POINT('',(49.9,-35.375,13.));
#3401 = DIRECTION('',(0.,1.,0.));
#3402 = DIRECTION('',(-1.,0.,0.));
#3403 = ADVANCED_FACE('',(#3404),#3410,.T.);
#3404 = FACE_BOUND('',#3405,.F.);
#3405 = EDGE_LOOP('',(#3406,#3407,#3408,#3409));
#3406 = ORIENTED_EDGE('',*,*,#1191,.F.);
#3407 = ORIENTED_EDGE('',*,*,#2996,.T.);
#3408 = ORIENTED_EDGE('',*,*,#3243,.T.);
#3409 = ORIENTED_EDGE('',*,*,#3393,.F.);
#3410 = PLANE('',#3411);
#3411 = AXIS2_PLACEMENT_3D('',#3412,#3413,#3414);
#3412 = CARTESIAN_POINT('',(49.9,-33.93,11.555));
#3413 = DIRECTION('',(0.,0.707106781187,-0.707106781187));
#3414 = DIRECTION('',(1.,0.,0.));
#3415 = ADVANCED_FACE('',(#3416,#3435),#3446,.F.);
#3416 = FACE_BOUND('',#3417,.F.);
#3417 = EDGE_LOOP('',(#3418,#3419,#3420,#3421,#3429));
#3418 = ORIENTED_EDGE('',*,*,#1223,.F.);
#3419 = ORIENTED_EDGE('',*,*,#1280,.F.);
#3420 = ORIENTED_EDGE('',*,*,#1295,.F.);
#3421 = ORIENTED_EDGE('',*,*,#3422,.F.);
#3422 = EDGE_CURVE('',#3423,#1296,#3425,.T.);
#3423 = VERTEX_POINT('',#3424);
#3424 = CARTESIAN_POINT('',(42.,35.375,10.1));
#3425 = LINE('',#3426,#3427);
#3426 = CARTESIAN_POINT('',(42.,35.375,10.1));
#3427 = VECTOR('',#3428,1.);
#3428 = DIRECTION('',(0.,1.,0.));
#3429 = ORIENTED_EDGE('',*,*,#3430,.F.);
#3430 = EDGE_CURVE('',#1216,#3423,#3431,.T.);
#3431 = LINE('',#3432,#3433);
#3432 = CARTESIAN_POINT('',(49.9,35.375,10.1));
#3433 = VECTOR('',#3434,1.);
#3434 = DIRECTION('',(-1.,0.,0.));
#3435 = FACE_BOUND('',#3436,.F.);
#3436 = EDGE_LOOP('',(#3437));
#3437 = ORIENTED_EDGE('',*,*,#3438,.T.);
#3438 = EDGE_CURVE('',#3439,#3439,#3441,.T.);
#3439 = VERTEX_POINT('',#3440);
#3440 = CARTESIAN_POINT('',(48.25,39.27,10.1));
#3441 = CIRCLE('',#3442,2.35);
#3442 = AXIS2_PLACEMENT_3D('',#3443,#3444,#3445);
#3443 = CARTESIAN_POINT('',(45.9,39.27,10.1));
#3444 = DIRECTION('',(0.,0.,-1.));
#3445 = DIRECTION('',(1.,0.,0.));
#3446 = PLANE('',#3447);
#3447 = AXIS2_PLACEMENT_3D('',#3448,#3449,#3450);
#3448 = CARTESIAN_POINT('',(4.497105922532E-16,-3.597684738026E-15,10.1)
  );
#3449 = DIRECTION('',(0.,0.,1.));
#3450 = DIRECTION('',(1.,0.,0.));
#3451 = ADVANCED_FACE('',(#3452),#3470,.F.);
#3452 = FACE_BOUND('',#3453,.T.);
#3453 = EDGE_LOOP('',(#3454,#3455,#3456,#3464));
#3454 = ORIENTED_EDGE('',*,*,#1207,.F.);
#3455 = ORIENTED_EDGE('',*,*,#3003,.T.);
#3456 = ORIENTED_EDGE('',*,*,#3457,.T.);
#3457 = EDGE_CURVE('',#3004,#3458,#3460,.T.);
#3458 = VERTEX_POINT('',#3459);
#3459 = CARTESIAN_POINT('',(42.,35.375,10.11));
#3460 = LINE('',#3461,#3462);
#3461 = CARTESIAN_POINT('',(42.353333333333,35.728333333333,
    9.756666666667));
#3462 = VECTOR('',#3463,1.);
#3463 = DIRECTION('',(0.57735026919,0.57735026919,-0.57735026919));
#3464 = ORIENTED_EDGE('',*,*,#3465,.F.);
#3465 = EDGE_CURVE('',#1208,#3458,#3466,.T.);
#3466 = LINE('',#3467,#3468);
#3467 = CARTESIAN_POINT('',(49.9,35.375,10.11));
#3468 = VECTOR('',#3469,1.);
#3469 = DIRECTION('',(-1.,0.,0.));
#3470 = PLANE('',#3471);
#3471 = AXIS2_PLACEMENT_3D('',#3472,#3473,#3474);
#3472 = CARTESIAN_POINT('',(49.9,33.93,11.555));
#3473 = DIRECTION('',(0.,0.707106781187,0.707106781187));
#3474 = DIRECTION('',(1.,0.,0.));
#3475 = ADVANCED_FACE('',(#3476),#3487,.F.);
#3476 = FACE_BOUND('',#3477,.F.);
#3477 = EDGE_LOOP('',(#3478,#3479,#3480,#3486));
#3478 = ORIENTED_EDGE('',*,*,#1215,.T.);
#3479 = ORIENTED_EDGE('',*,*,#3430,.T.);
#3480 = ORIENTED_EDGE('',*,*,#3481,.F.);
#3481 = EDGE_CURVE('',#3458,#3423,#3482,.T.);
#3482 = LINE('',#3483,#3484);
#3483 = CARTESIAN_POINT('',(42.,35.375,13.));
#3484 = VECTOR('',#3485,1.);
#3485 = DIRECTION('',(-0.,-0.,-1.));
#3486 = ORIENTED_EDGE('',*,*,#3465,.F.);
#3487 = PLANE('',#3488);
#3488 = AXIS2_PLACEMENT_3D('',#3489,#3490,#3491);
#3489 = CARTESIAN_POINT('',(49.9,35.375,13.));
#3490 = DIRECTION('',(0.,1.,0.));
#3491 = DIRECTION('',(-1.,0.,0.));
#3492 = ADVANCED_FACE('',(#3493),#3504,.F.);
#3493 = FACE_BOUND('',#3494,.F.);
#3494 = EDGE_LOOP('',(#3495,#3496,#3497,#3498));
#3495 = ORIENTED_EDGE('',*,*,#3481,.T.);
#3496 = ORIENTED_EDGE('',*,*,#3422,.T.);
#3497 = ORIENTED_EDGE('',*,*,#1303,.F.);
#3498 = ORIENTED_EDGE('',*,*,#3499,.F.);
#3499 = EDGE_CURVE('',#3458,#1304,#3500,.T.);
#3500 = LINE('',#3501,#3502);
#3501 = CARTESIAN_POINT('',(42.,35.375,10.11));
#3502 = VECTOR('',#3503,1.);
#3503 = DIRECTION('',(0.,1.,0.));
#3504 = PLANE('',#3505);
#3505 = AXIS2_PLACEMENT_3D('',#3506,#3507,#3508);
#3506 = CARTESIAN_POINT('',(42.,35.375,13.));
#3507 = DIRECTION('',(1.,0.,0.));
#3508 = DIRECTION('',(0.,1.,0.));
#3509 = ADVANCED_FACE('',(#3510),#3516,.F.);
#3510 = FACE_BOUND('',#3511,.T.);
#3511 = EDGE_LOOP('',(#3512,#3513,#3514,#3515));
#3512 = ORIENTED_EDGE('',*,*,#3457,.F.);
#3513 = ORIENTED_EDGE('',*,*,#3011,.T.);
#3514 = ORIENTED_EDGE('',*,*,#1311,.T.);
#3515 = ORIENTED_EDGE('',*,*,#3499,.F.);
#3516 = PLANE('',#3517);
#3517 = AXIS2_PLACEMENT_3D('',#3518,#3519,#3520);
#3518 = CARTESIAN_POINT('',(40.555,35.375,11.555));
#3519 = DIRECTION('',(0.707106781187,0.,0.707106781187));
#3520 = DIRECTION('',(-0.,-1.,-0.));
#3521 = ADVANCED_FACE('',(#3522),#3533,.T.);
#3522 = FACE_BOUND('',#3523,.F.);
#3523 = EDGE_LOOP('',(#3524,#3525,#3526,#3527));
#3524 = ORIENTED_EDGE('',*,*,#3346,.F.);
#3525 = ORIENTED_EDGE('',*,*,#3018,.T.);
#3526 = ORIENTED_EDGE('',*,*,#1327,.T.);
#3527 = ORIENTED_EDGE('',*,*,#3528,.F.);
#3528 = EDGE_CURVE('',#3323,#1328,#3529,.T.);
#3529 = LINE('',#3530,#3531);
#3530 = CARTESIAN_POINT('',(-42.,35.375,10.11));
#3531 = VECTOR('',#3532,1.);
#3532 = DIRECTION('',(0.,1.,0.));
#3533 = PLANE('',#3534);
#3534 = AXIS2_PLACEMENT_3D('',#3535,#3536,#3537);
#3535 = CARTESIAN_POINT('',(-40.555,35.375,11.555));
#3536 = DIRECTION('',(0.707106781187,0.,-0.707106781187));
#3537 = DIRECTION('',(-0.,-1.,-0.));
#3538 = ADVANCED_FACE('',(#3539),#3545,.T.);
#3539 = FACE_BOUND('',#3540,.T.);
#3540 = EDGE_LOOP('',(#3541,#3542,#3543,#3544));
#3541 = ORIENTED_EDGE('',*,*,#3322,.T.);
#3542 = ORIENTED_EDGE('',*,*,#3293,.T.);
#3543 = ORIENTED_EDGE('',*,*,#1335,.F.);
#3544 = ORIENTED_EDGE('',*,*,#3528,.F.);
#3545 = PLANE('',#3546);
#3546 = AXIS2_PLACEMENT_3D('',#3547,#3548,#3549);
#3547 = CARTESIAN_POINT('',(-42.,35.375,13.));
#3548 = DIRECTION('',(1.,0.,0.));
#3549 = DIRECTION('',(0.,1.,0.));
#3550 = ADVANCED_FACE('',(#3551),#3559,.T.);
#3551 = FACE_BOUND('',#3552,.T.);
#3552 = EDGE_LOOP('',(#3553,#3554,#3555,#3556,#3557,#3558));
#3553 = ORIENTED_EDGE('',*,*,#1464,.T.);
#3554 = ORIENTED_EDGE('',*,*,#1488,.T.);
#3555 = ORIENTED_EDGE('',*,*,#1512,.T.);
#3556 = ORIENTED_EDGE('',*,*,#1536,.T.);
#3557 = ORIENTED_EDGE('',*,*,#1560,.T.);
#3558 = ORIENTED_EDGE('',*,*,#1584,.T.);
#3559 = PLANE('',#3560);
#3560 = AXIS2_PLACEMENT_3D('',#3561,#3562,#3563);
#3561 = CARTESIAN_POINT('',(-18.92332964571,17.576869023673,16.49));
#3562 = DIRECTION('',(0.,0.,1.));
#3563 = DIRECTION('',(1.,0.,0.));
#3564 = ADVANCED_FACE('',(#3565),#3578,.T.);
#3565 = FACE_BOUND('',#3566,.T.);
#3566 = EDGE_LOOP('',(#3567,#3568,#3569,#3570,#3571,#3572,#3573,#3574,
    #3575,#3576,#3577));
#3567 = ORIENTED_EDGE('',*,*,#1608,.T.);
#3568 = ORIENTED_EDGE('',*,*,#1632,.T.);
#3569 = ORIENTED_EDGE('',*,*,#1656,.T.);
#3570 = ORIENTED_EDGE('',*,*,#1680,.T.);
#3571 = ORIENTED_EDGE('',*,*,#1704,.T.);
#3572 = ORIENTED_EDGE('',*,*,#1728,.T.);
#3573 = ORIENTED_EDGE('',*,*,#1752,.T.);
#3574 = ORIENTED_EDGE('',*,*,#1776,.T.);
#3575 = ORIENTED_EDGE('',*,*,#1800,.T.);
#3576 = ORIENTED_EDGE('',*,*,#1824,.T.);
#3577 = ORIENTED_EDGE('',*,*,#1848,.T.);
#3578 = PLANE('',#3579);
#3579 = AXIS2_PLACEMENT_3D('',#3580,#3581,#3582);
#3580 = CARTESIAN_POINT('',(-18.92332964571,17.576869023673,16.49));
#3581 = DIRECTION('',(0.,0.,1.));
#3582 = DIRECTION('',(1.,0.,0.));
#3583 = ADVANCED_FACE('',(#3584),#3595,.T.);
#3584 = FACE_BOUND('',#3585,.T.);
#3585 = EDGE_LOOP('',(#3586,#3587,#3588,#3589,#3590,#3591,#3592,#3593,
    #3594));
#3586 = ORIENTED_EDGE('',*,*,#1872,.T.);
#3587 = ORIENTED_EDGE('',*,*,#1896,.T.);
#3588 = ORIENTED_EDGE('',*,*,#1920,.T.);
#3589 = ORIENTED_EDGE('',*,*,#1944,.T.);
#3590 = ORIENTED_EDGE('',*,*,#1968,.T.);
#3591 = ORIENTED_EDGE('',*,*,#1992,.T.);
#3592 = ORIENTED_EDGE('',*,*,#2016,.T.);
#3593 = ORIENTED_EDGE('',*,*,#2040,.T.);
#3594 = ORIENTED_EDGE('',*,*,#2064,.T.);
#3595 = PLANE('',#3596);
#3596 = AXIS2_PLACEMENT_3D('',#3597,#3598,#3599);
#3597 = CARTESIAN_POINT('',(-18.92332964571,17.576869023673,16.49));
#3598 = DIRECTION('',(0.,0.,1.));
#3599 = DIRECTION('',(1.,0.,0.));
#3600 = ADVANCED_FACE('',(#3601),#3609,.T.);
#3601 = FACE_BOUND('',#3602,.T.);
#3602 = EDGE_LOOP('',(#3603,#3604,#3605,#3606,#3607,#3608));
#3603 = ORIENTED_EDGE('',*,*,#2088,.T.);
#3604 = ORIENTED_EDGE('',*,*,#2112,.T.);
#3605 = ORIENTED_EDGE('',*,*,#2136,.T.);
#3606 = ORIENTED_EDGE('',*,*,#2160,.T.);
#3607 = ORIENTED_EDGE('',*,*,#2184,.T.);
#3608 = ORIENTED_EDGE('',*,*,#2208,.T.);
#3609 = PLANE('',#3610);
#3610 = AXIS2_PLACEMENT_3D('',#3611,#3612,#3613);
#3611 = CARTESIAN_POINT('',(-18.92332964571,17.576869023673,16.49));
#3612 = DIRECTION('',(0.,0.,1.));
#3613 = DIRECTION('',(1.,0.,0.));
#3614 = ADVANCED_FACE('',(#3615,#3626),#3652,.T.);
#3615 = FACE_BOUND('',#3616,.T.);
#3616 = EDGE_LOOP('',(#3617,#3618,#3619,#3620,#3621,#3622,#3623,#3624,
    #3625));
#3617 = ORIENTED_EDGE('',*,*,#2232,.T.);
#3618 = ORIENTED_EDGE('',*,*,#2256,.T.);
#3619 = ORIENTED_EDGE('',*,*,#2280,.T.);
#3620 = ORIENTED_EDGE('',*,*,#2304,.T.);
#3621 = ORIENTED_EDGE('',*,*,#2328,.T.);
#3622 = ORIENTED_EDGE('',*,*,#2352,.T.);
#3623 = ORIENTED_EDGE('',*,*,#2376,.T.);
#3624 = ORIENTED_EDGE('',*,*,#2400,.T.);
#3625 = ORIENTED_EDGE('',*,*,#2424,.T.);
#3626 = FACE_BOUND('',#3627,.T.);
#3627 = EDGE_LOOP('',(#3628,#3638,#3646));
#3628 = ORIENTED_EDGE('',*,*,#3629,.T.);
#3629 = EDGE_CURVE('',#3630,#3632,#3634,.T.);
#3630 = VERTEX_POINT('',#3631);
#3631 = CARTESIAN_POINT('',(-8.627857,20.391397,16.49));
#3632 = VERTEX_POINT('',#3633);
#3633 = CARTESIAN_POINT('',(-6.335413,19.546812,16.49));
#3634 = LINE('',#3635,#3636);
#3635 = CARTESIAN_POINT('',(-8.627857,20.391397,16.49));
#3636 = VECTOR('',#3637,1.);
#3637 = DIRECTION('',(0.938343067898,-0.345705491607,0.));
#3638 = ORIENTED_EDGE('',*,*,#3639,.T.);
#3639 = EDGE_CURVE('',#3632,#3640,#3642,.T.);
#3640 = VERTEX_POINT('',#3641);
#3641 = CARTESIAN_POINT('',(-8.507204,17.616331,16.49));
#3642 = LINE('',#3643,#3644);
#3643 = CARTESIAN_POINT('',(-6.335413,19.546812,16.49));
#3644 = VECTOR('',#3645,1.);
#3645 = DIRECTION('',(-0.747409299696,-0.664363860191,0.));
#3646 = ORIENTED_EDGE('',*,*,#3647,.T.);
#3647 = EDGE_CURVE('',#3640,#3630,#3648,.T.);
#3648 = LINE('',#3649,#3650);
#3649 = CARTESIAN_POINT('',(-8.507204,17.616331,16.49));
#3650 = VECTOR('',#3651,1.);
#3651 = DIRECTION('',(-4.343648998831E-02,0.99905619028,0.));
#3652 = PLANE('',#3653);
#3653 = AXIS2_PLACEMENT_3D('',#3654,#3655,#3656);
#3654 = CARTESIAN_POINT('',(-18.92332964571,17.576869023673,16.49));
#3655 = DIRECTION('',(0.,0.,1.));
#3656 = DIRECTION('',(1.,0.,0.));
#3657 = ADVANCED_FACE('',(#3658),#3674,.T.);
#3658 = FACE_BOUND('',#3659,.T.);
#3659 = EDGE_LOOP('',(#3660,#3661,#3662,#3663,#3664,#3665,#3666,#3667,
    #3668,#3669,#3670,#3671,#3672,#3673));
#3660 = ORIENTED_EDGE('',*,*,#2448,.T.);
#3661 = ORIENTED_EDGE('',*,*,#2472,.T.);
#3662 = ORIENTED_EDGE('',*,*,#2496,.T.);
#3663 = ORIENTED_EDGE('',*,*,#2520,.T.);
#3664 = ORIENTED_EDGE('',*,*,#2544,.T.);
#3665 = ORIENTED_EDGE('',*,*,#2568,.T.);
#3666 = ORIENTED_EDGE('',*,*,#2592,.T.);
#3667 = ORIENTED_EDGE('',*,*,#2616,.T.);
#3668 = ORIENTED_EDGE('',*,*,#2640,.T.);
#3669 = ORIENTED_EDGE('',*,*,#2664,.T.);
#3670 = ORIENTED_EDGE('',*,*,#2688,.T.);
#3671 = ORIENTED_EDGE('',*,*,#2712,.T.);
#3672 = ORIENTED_EDGE('',*,*,#2736,.T.);
#3673 = ORIENTED_EDGE('',*,*,#2760,.T.);
#3674 = PLANE('',#3675);
#3675 = AXIS2_PLACEMENT_3D('',#3676,#3677,#3678);
#3676 = CARTESIAN_POINT('',(-18.92332964571,17.576869023673,16.49));
#3677 = DIRECTION('',(0.,0.,1.));
#3678 = DIRECTION('',(1.,0.,0.));
#3679 = ADVANCED_FACE('',(#3680,#3686,#3727,#3738),#3749,.T.);
#3680 = FACE_BOUND('',#3681,.T.);
#3681 = EDGE_LOOP('',(#3682,#3683,#3684,#3685));
#3682 = ORIENTED_EDGE('',*,*,#2882,.T.);
#3683 = ORIENTED_EDGE('',*,*,#2891,.T.);
#3684 = ORIENTED_EDGE('',*,*,#2816,.T.);
#3685 = ORIENTED_EDGE('',*,*,#2915,.T.);
#3686 = FACE_BOUND('',#3687,.T.);
#3687 = EDGE_LOOP('',(#3688,#3700,#3708,#3718));
#3688 = ORIENTED_EDGE('',*,*,#3689,.F.);
#3689 = EDGE_CURVE('',#3690,#3692,#3694,.T.);
#3690 = VERTEX_POINT('',#3691);
#3691 = CARTESIAN_POINT('',(22.763725,23.423088,16.49));
#3692 = VERTEX_POINT('',#3693);
#3693 = CARTESIAN_POINT('',(23.875051707554,18.085016968508,16.49));
#3694 = B_SPLINE_CURVE_WITH_KNOTS('',3,(#3695,#3696,#3697,#3698,#3699),
  .UNSPECIFIED.,.F.,.F.,(4,1,4),(0.,0.5,1.),.QUASI_UNIFORM_KNOTS.);
#3695 = CARTESIAN_POINT('',(22.763725,23.423088,16.49));
#3696 = CARTESIAN_POINT('',(21.378957170572,20.070403757186,16.49));
#3697 = CARTESIAN_POINT('',(27.11776,13.38461,16.49));
#3698 = CARTESIAN_POINT('',(36.854923819098,13.424001102541,16.49));
#3699 = CARTESIAN_POINT('',(37.962543,16.2873,16.49));
#3700 = ORIENTED_EDGE('',*,*,#3701,.T.);
#3701 = EDGE_CURVE('',#3690,#3702,#3704,.T.);
#3702 = VERTEX_POINT('',#3703);
#3703 = CARTESIAN_POINT('',(37.962543,16.2873,16.49));
#3704 = LINE('',#3705,#3706);
#3705 = CARTESIAN_POINT('',(22.763725,23.423088,16.49));
#3706 = VECTOR('',#3707,1.);
#3707 = DIRECTION('',(0.905199166306,-0.424987610782,0.));
#3708 = ORIENTED_EDGE('',*,*,#3709,.F.);
#3709 = EDGE_CURVE('',#3710,#3702,#3712,.T.);
#3710 = VERTEX_POINT('',#3711);
#3711 = CARTESIAN_POINT('',(26.998209118726,15.60862825388,16.49));
#3712 = B_SPLINE_CURVE_WITH_KNOTS('',3,(#3713,#3714,#3715,#3716,#3717),
  .UNSPECIFIED.,.F.,.F.,(4,1,4),(0.,0.5,1.),.QUASI_UNIFORM_KNOTS.);
#3713 = CARTESIAN_POINT('',(22.763725,23.423088,16.49));
#3714 = CARTESIAN_POINT('',(21.378957170572,20.070403757186,16.49));
#3715 = CARTESIAN_POINT('',(27.11776,13.38461,16.49));
#3716 = CARTESIAN_POINT('',(36.854923819098,13.424001102541,16.49));
#3717 = CARTESIAN_POINT('',(37.962543,16.2873,16.49));
#3718 = ORIENTED_EDGE('',*,*,#3719,.F.);
#3719 = EDGE_CURVE('',#3692,#3710,#3720,.T.);
#3720 = B_SPLINE_CURVE_WITH_KNOTS('',3,(#3721,#3722,#3723,#3724,#3725,
    #3726),.UNSPECIFIED.,.F.,.F.,(4,1,1,4),(0.,0.333333333333,
    0.666666666667,1.),.QUASI_UNIFORM_KNOTS.);
#3721 = CARTESIAN_POINT('',(25.628174,21.1889,16.49));
#3722 = CARTESIAN_POINT('',(22.58767769244,16.06157851678,16.49));
#3723 = CARTESIAN_POINT('',(22.582585510874,14.305393897433,16.49));
#3724 = CARTESIAN_POINT('',(23.258503641696,13.568417181094,16.49));
#3725 = CARTESIAN_POINT('',(26.608387,14.212817,16.49));
#3726 = CARTESIAN_POINT('',(29.4142,19.1057,16.49));
#3727 = FACE_BOUND('',#3728,.T.);
#3728 = EDGE_LOOP('',(#3729));
#3729 = ORIENTED_EDGE('',*,*,#3730,.F.);
#3730 = EDGE_CURVE('',#3731,#3731,#3733,.T.);
#3731 = VERTEX_POINT('',#3732);
#3732 = CARTESIAN_POINT('',(30.980325,29.923071,16.49));
#3733 = CIRCLE('',#3734,4.488628);
#3734 = AXIS2_PLACEMENT_3D('',#3735,#3736,#3737);
#3735 = CARTESIAN_POINT('',(26.491697,29.923071,16.49));
#3736 = DIRECTION('',(0.,0.,1.));
#3737 = DIRECTION('',(1.,0.,0.));
#3738 = FACE_BOUND('',#3739,.T.);
#3739 = EDGE_LOOP('',(#3740));
#3740 = ORIENTED_EDGE('',*,*,#3741,.F.);
#3741 = EDGE_CURVE('',#3742,#3742,#3744,.T.);
#3742 = VERTEX_POINT('',#3743);
#3743 = CARTESIAN_POINT('',(43.604428487256,25.412331,16.49));
#3744 = CIRCLE('',#3745,6.106534487256);
#3745 = AXIS2_PLACEMENT_3D('',#3746,#3747,#3748);
#3746 = CARTESIAN_POINT('',(37.497894,25.412331,16.49));
#3747 = DIRECTION('',(0.,0.,1.));
#3748 = DIRECTION('',(1.,0.,0.));
#3749 = PLANE('',#3750);
#3750 = AXIS2_PLACEMENT_3D('',#3751,#3752,#3753);
#3751 = CARTESIAN_POINT('',(32.25453974919,26.097638384685,16.49));
#3752 = DIRECTION('',(0.,0.,1.));
#3753 = DIRECTION('',(1.,0.,0.));
#3754 = ADVANCED_FACE('',(#3755),#3780,.T.);
#3755 = FACE_BOUND('',#3756,.T.);
#3756 = EDGE_LOOP('',(#3757,#3765,#3766,#3774));
#3757 = ORIENTED_EDGE('',*,*,#3758,.T.);
#3758 = EDGE_CURVE('',#3759,#3085,#3761,.T.);
#3759 = VERTEX_POINT('',#3760);
#3760 = CARTESIAN_POINT('',(-21.61041542515,30.064508525975,16.5));
#3761 = LINE('',#3762,#3763);
#3762 = CARTESIAN_POINT('',(-21.61041542515,30.064508525975,16.5));
#3763 = VECTOR('',#3764,1.);
#3764 = DIRECTION('',(-0.,-0.,-1.));
#3765 = ORIENTED_EDGE('',*,*,#3084,.T.);
#3766 = ORIENTED_EDGE('',*,*,#3767,.F.);
#3767 = EDGE_CURVE('',#3768,#3087,#3770,.T.);
#3768 = VERTEX_POINT('',#3769);
#3769 = CARTESIAN_POINT('',(-21.04499612583,30.073205907531,16.5));
#3770 = LINE('',#3771,#3772);
#3771 = CARTESIAN_POINT('',(-21.04499612583,30.073205907531,16.5));
#3772 = VECTOR('',#3773,1.);
#3773 = DIRECTION('',(-0.,-0.,-1.));
#3774 = ORIENTED_EDGE('',*,*,#3775,.F.);
#3775 = EDGE_CURVE('',#3759,#3768,#3776,.T.);
#3776 = B_SPLINE_CURVE_WITH_KNOTS('',2,(#3777,#3778,#3779),
  .UNSPECIFIED.,.F.,.F.,(3,3),(0.,1.),.PIECEWISE_BEZIER_KNOTS.);
#3777 = CARTESIAN_POINT('',(-21.61041542515,30.064508525975,16.5));
#3778 = CARTESIAN_POINT('',(-21.312953,29.109775,16.5));
#3779 = CARTESIAN_POINT('',(-21.04499612583,30.073205907531,16.5));
#3780 = SURFACE_OF_LINEAR_EXTRUSION('',#3781,#3785);
#3781 = B_SPLINE_CURVE_WITH_KNOTS('',2,(#3782,#3783,#3784),
  .UNSPECIFIED.,.F.,.F.,(3,3),(0.,1.),.PIECEWISE_BEZIER_KNOTS.);
#3782 = CARTESIAN_POINT('',(-21.61041542515,30.064508525975,16.5));
#3783 = CARTESIAN_POINT('',(-21.312953,29.109775,16.5));
#3784 = CARTESIAN_POINT('',(-21.04499612583,30.073205907531,16.5));
#3785 = VECTOR('',#3786,1.);
#3786 = DIRECTION('',(0.,0.,1.));
#3787 = ADVANCED_FACE('',(#3788),#3799,.F.);
#3788 = FACE_BOUND('',#3789,.F.);
#3789 = EDGE_LOOP('',(#3790,#3791,#3792,#3793));
#3790 = ORIENTED_EDGE('',*,*,#3758,.T.);
#3791 = ORIENTED_EDGE('',*,*,#3094,.T.);
#3792 = ORIENTED_EDGE('',*,*,#3767,.F.);
#3793 = ORIENTED_EDGE('',*,*,#3794,.F.);
#3794 = EDGE_CURVE('',#3759,#3768,#3795,.T.);
#3795 = B_SPLINE_CURVE_WITH_KNOTS('',2,(#3796,#3797,#3798),
  .UNSPECIFIED.,.F.,.F.,(3,3),(0.,1.),.PIECEWISE_BEZIER_KNOTS.);
#3796 = CARTESIAN_POINT('',(-21.61041542515,30.064508525975,16.5));
#3797 = CARTESIAN_POINT('',(-21.335125,30.499697,16.5));
#3798 = CARTESIAN_POINT('',(-21.04499612583,30.073205907531,16.5));
#3799 = SURFACE_OF_LINEAR_EXTRUSION('',#3800,#3804);
#3800 = B_SPLINE_CURVE_WITH_KNOTS('',2,(#3801,#3802,#3803),
  .UNSPECIFIED.,.F.,.F.,(3,3),(0.,1.),.PIECEWISE_BEZIER_KNOTS.);
#3801 = CARTESIAN_POINT('',(-21.61041542515,30.064508525975,16.5));
#3802 = CARTESIAN_POINT('',(-21.335125,30.499697,16.5));
#3803 = CARTESIAN_POINT('',(-21.04499612583,30.073205907531,16.5));
#3804 = VECTOR('',#3805,1.);
#3805 = DIRECTION('',(0.,0.,1.));
#3806 = ADVANCED_FACE('',(#3807),#3826,.T.);
#3807 = FACE_BOUND('',#3808,.T.);
#3808 = EDGE_LOOP('',(#3809,#3817,#3818,#3819));
#3809 = ORIENTED_EDGE('',*,*,#3810,.T.);
#3810 = EDGE_CURVE('',#3811,#3103,#3813,.T.);
#3811 = VERTEX_POINT('',#3812);
#3812 = CARTESIAN_POINT('',(-21.808486,31.064964,16.5));
#3813 = LINE('',#3814,#3815);
#3814 = CARTESIAN_POINT('',(-21.808486,31.064964,16.5));
#3815 = VECTOR('',#3816,1.);
#3816 = DIRECTION('',(-0.,-0.,-1.));
#3817 = ORIENTED_EDGE('',*,*,#3102,.T.);
#3818 = ORIENTED_EDGE('',*,*,#3810,.F.);
#3819 = ORIENTED_EDGE('',*,*,#3820,.F.);
#3820 = EDGE_CURVE('',#3811,#3811,#3821,.T.);
#3821 = CIRCLE('',#3822,1.09389);
#3822 = AXIS2_PLACEMENT_3D('',#3823,#3824,#3825);
#3823 = CARTESIAN_POINT('',(-22.902376,31.064964,16.5));
#3824 = DIRECTION('',(0.,0.,1.));
#3825 = DIRECTION('',(1.,0.,0.));
#3826 = CYLINDRICAL_SURFACE('',#3827,1.09389);
#3827 = AXIS2_PLACEMENT_3D('',#3828,#3829,#3830);
#3828 = CARTESIAN_POINT('',(-22.902376,31.064964,16.5));
#3829 = DIRECTION('',(0.,0.,1.));
#3830 = DIRECTION('',(1.,0.,0.));
#3831 = ADVANCED_FACE('',(#3832),#3851,.T.);
#3832 = FACE_BOUND('',#3833,.T.);
#3833 = EDGE_LOOP('',(#3834,#3842,#3843,#3844));
#3834 = ORIENTED_EDGE('',*,*,#3835,.T.);
#3835 = EDGE_CURVE('',#3836,#3114,#3838,.T.);
#3836 = VERTEX_POINT('',#3837);
#3837 = CARTESIAN_POINT('',(-17.76869971139,31.187126,16.5));
#3838 = LINE('',#3839,#3840);
#3839 = CARTESIAN_POINT('',(-17.76869971139,31.187126,16.5));
#3840 = VECTOR('',#3841,1.);
#3841 = DIRECTION('',(-0.,-0.,-1.));
#3842 = ORIENTED_EDGE('',*,*,#3113,.T.);
#3843 = ORIENTED_EDGE('',*,*,#3835,.F.);
#3844 = ORIENTED_EDGE('',*,*,#3845,.F.);
#3845 = EDGE_CURVE('',#3836,#3836,#3846,.T.);
#3846 = CIRCLE('',#3847,1.513937288601);
#3847 = AXIS2_PLACEMENT_3D('',#3848,#3849,#3850);
#3848 = CARTESIAN_POINT('',(-19.282637,31.187126,16.5));
#3849 = DIRECTION('',(0.,0.,1.));
#3850 = DIRECTION('',(1.,0.,0.));
#3851 = CYLINDRICAL_SURFACE('',#3852,1.513937288601);
#3852 = AXIS2_PLACEMENT_3D('',#3853,#3854,#3855);
#3853 = CARTESIAN_POINT('',(-19.282637,31.187126,16.5));
#3854 = DIRECTION('',(0.,0.,1.));
#3855 = DIRECTION('',(1.,0.,0.));
#3856 = ADVANCED_FACE('',(#3857),#3876,.F.);
#3857 = FACE_BOUND('',#3858,.F.);
#3858 = EDGE_LOOP('',(#3859,#3867,#3874,#3875));
#3859 = ORIENTED_EDGE('',*,*,#3860,.T.);
#3860 = EDGE_CURVE('',#3150,#3861,#3863,.T.);
#3861 = VERTEX_POINT('',#3862);
#3862 = CARTESIAN_POINT('',(-43.55,-39.275,14.1));
#3863 = LINE('',#3864,#3865);
#3864 = CARTESIAN_POINT('',(-43.55,-39.275,10.1));
#3865 = VECTOR('',#3866,1.);
#3866 = DIRECTION('',(0.,0.,1.));
#3867 = ORIENTED_EDGE('',*,*,#3868,.T.);
#3868 = EDGE_CURVE('',#3861,#3861,#3869,.T.);
#3869 = CIRCLE('',#3870,2.35);
#3870 = AXIS2_PLACEMENT_3D('',#3871,#3872,#3873);
#3871 = CARTESIAN_POINT('',(-45.9,-39.275,14.1));
#3872 = DIRECTION('',(0.,0.,-1.));
#3873 = DIRECTION('',(1.,0.,0.));
#3874 = ORIENTED_EDGE('',*,*,#3860,.F.);
#3875 = ORIENTED_EDGE('',*,*,#3149,.F.);
#3876 = CYLINDRICAL_SURFACE('',#3877,2.35);
#3877 = AXIS2_PLACEMENT_3D('',#3878,#3879,#3880);
#3878 = CARTESIAN_POINT('',(-45.9,-39.275,10.1));
#3879 = DIRECTION('',(0.,0.,-1.));
#3880 = DIRECTION('',(1.,0.,0.));
#3881 = ADVANCED_FACE('',(#3882),#3901,.F.);
#3882 = FACE_BOUND('',#3883,.F.);
#3883 = EDGE_LOOP('',(#3884,#3892,#3899,#3900));
#3884 = ORIENTED_EDGE('',*,*,#3885,.T.);
#3885 = EDGE_CURVE('',#3227,#3886,#3888,.T.);
#3886 = VERTEX_POINT('',#3887);
#3887 = CARTESIAN_POINT('',(48.25,-39.275,14.1));
#3888 = LINE('',#3889,#3890);
#3889 = CARTESIAN_POINT('',(48.25,-39.275,10.1));
#3890 = VECTOR('',#3891,1.);
#3891 = DIRECTION('',(0.,0.,1.));
#3892 = ORIENTED_EDGE('',*,*,#3893,.T.);
#3893 = EDGE_CURVE('',#3886,#3886,#3894,.T.);
#3894 = CIRCLE('',#3895,2.35);
#3895 = AXIS2_PLACEMENT_3D('',#3896,#3897,#3898);
#3896 = CARTESIAN_POINT('',(45.9,-39.275,14.1));
#3897 = DIRECTION('',(0.,0.,-1.));
#3898 = DIRECTION('',(1.,0.,0.));
#3899 = ORIENTED_EDGE('',*,*,#3885,.F.);
#3900 = ORIENTED_EDGE('',*,*,#3226,.F.);
#3901 = CYLINDRICAL_SURFACE('',#3902,2.35);
#3902 = AXIS2_PLACEMENT_3D('',#3903,#3904,#3905);
#3903 = CARTESIAN_POINT('',(45.9,-39.275,10.1));
#3904 = DIRECTION('',(0.,0.,-1.));
#3905 = DIRECTION('',(1.,0.,0.));
#3906 = ADVANCED_FACE('',(#3907),#3926,.F.);
#3907 = FACE_BOUND('',#3908,.F.);
#3908 = EDGE_LOOP('',(#3909,#3917,#3924,#3925));
#3909 = ORIENTED_EDGE('',*,*,#3910,.T.);
#3910 = EDGE_CURVE('',#3304,#3911,#3913,.T.);
#3911 = VERTEX_POINT('',#3912);
#3912 = CARTESIAN_POINT('',(-43.55,39.27,14.1));
#3913 = LINE('',#3914,#3915);
#3914 = CARTESIAN_POINT('',(-43.55,39.27,10.1));
#3915 = VECTOR('',#3916,1.);
#3916 = DIRECTION('',(0.,0.,1.));
#3917 = ORIENTED_EDGE('',*,*,#3918,.T.);
#3918 = EDGE_CURVE('',#3911,#3911,#3919,.T.);
#3919 = CIRCLE('',#3920,2.35);
#3920 = AXIS2_PLACEMENT_3D('',#3921,#3922,#3923);
#3921 = CARTESIAN_POINT('',(-45.9,39.27,14.1));
#3922 = DIRECTION('',(0.,0.,-1.));
#3923 = DIRECTION('',(1.,0.,0.));
#3924 = ORIENTED_EDGE('',*,*,#3910,.F.);
#3925 = ORIENTED_EDGE('',*,*,#3303,.F.);
#3926 = CYLINDRICAL_SURFACE('',#3927,2.35);
#3927 = AXIS2_PLACEMENT_3D('',#3928,#3929,#3930);
#3928 = CARTESIAN_POINT('',(-45.9,39.27,10.1));
#3929 = DIRECTION('',(0.,0.,-1.));
#3930 = DIRECTION('',(1.,0.,0.));
#3931 = ADVANCED_FACE('',(#3932),#3951,.F.);
#3932 = FACE_BOUND('',#3933,.F.);
#3933 = EDGE_LOOP('',(#3934,#3942,#3949,#3950));
#3934 = ORIENTED_EDGE('',*,*,#3935,.T.);
#3935 = EDGE_CURVE('',#3439,#3936,#3938,.T.);
#3936 = VERTEX_POINT('',#3937);
#3937 = CARTESIAN_POINT('',(48.25,39.27,14.1));
#3938 = LINE('',#3939,#3940);
#3939 = CARTESIAN_POINT('',(48.25,39.27,10.1));
#3940 = VECTOR('',#3941,1.);
#3941 = DIRECTION('',(0.,0.,1.));
#3942 = ORIENTED_EDGE('',*,*,#3943,.T.);
#3943 = EDGE_CURVE('',#3936,#3936,#3944,.T.);
#3944 = CIRCLE('',#3945,2.35);
#3945 = AXIS2_PLACEMENT_3D('',#3946,#3947,#3948);
#3946 = CARTESIAN_POINT('',(45.9,39.27,14.1));
#3947 = DIRECTION('',(0.,0.,-1.));
#3948 = DIRECTION('',(1.,0.,0.));
#3949 = ORIENTED_EDGE('',*,*,#3935,.F.);
#3950 = ORIENTED_EDGE('',*,*,#3438,.F.);
#3951 = CYLINDRICAL_SURFACE('',#3952,2.35);
#3952 = AXIS2_PLACEMENT_3D('',#3953,#3954,#3955);
#3953 = CARTESIAN_POINT('',(45.9,39.27,10.1));
#3954 = DIRECTION('',(0.,0.,-1.));
#3955 = DIRECTION('',(1.,0.,0.));
#3956 = ADVANCED_FACE('',(#3957),#3982,.F.);
#3957 = FACE_BOUND('',#3958,.F.);
#3958 = EDGE_LOOP('',(#3959,#3967,#3968,#3976));
#3959 = ORIENTED_EDGE('',*,*,#3960,.T.);
#3960 = EDGE_CURVE('',#3961,#3630,#3963,.T.);
#3961 = VERTEX_POINT('',#3962);
#3962 = CARTESIAN_POINT('',(-8.627857,20.391397,16.5));
#3963 = LINE('',#3964,#3965);
#3964 = CARTESIAN_POINT('',(-8.627857,20.391397,16.5));
#3965 = VECTOR('',#3966,1.);
#3966 = DIRECTION('',(-0.,-0.,-1.));
#3967 = ORIENTED_EDGE('',*,*,#3629,.T.);
#3968 = ORIENTED_EDGE('',*,*,#3969,.F.);
#3969 = EDGE_CURVE('',#3970,#3632,#3972,.T.);
#3970 = VERTEX_POINT('',#3971);
#3971 = CARTESIAN_POINT('',(-6.335413,19.546812,16.5));
#3972 = LINE('',#3973,#3974);
#3973 = CARTESIAN_POINT('',(-6.335413,19.546812,16.5));
#3974 = VECTOR('',#3975,1.);
#3975 = DIRECTION('',(-0.,-0.,-1.));
#3976 = ORIENTED_EDGE('',*,*,#3977,.F.);
#3977 = EDGE_CURVE('',#3961,#3970,#3978,.T.);
#3978 = LINE('',#3979,#3980);
#3979 = CARTESIAN_POINT('',(-8.627857,20.391397,16.5));
#3980 = VECTOR('',#3981,1.);
#3981 = DIRECTION('',(0.938343067898,-0.345705491607,0.));
#3982 = PLANE('',#3983);
#3983 = AXIS2_PLACEMENT_3D('',#3984,#3985,#3986);
#3984 = CARTESIAN_POINT('',(-8.627857,20.391397,16.5));
#3985 = DIRECTION('',(-0.345705491607,-0.938343067898,0.));
#3986 = DIRECTION('',(0.938343067898,-0.345705491607,0.));
#3987 = ADVANCED_FACE('',(#3988),#4006,.F.);
#3988 = FACE_BOUND('',#3989,.F.);
#3989 = EDGE_LOOP('',(#3990,#3991,#3992,#4000));
#3990 = ORIENTED_EDGE('',*,*,#3969,.T.);
#3991 = ORIENTED_EDGE('',*,*,#3639,.T.);
#3992 = ORIENTED_EDGE('',*,*,#3993,.F.);
#3993 = EDGE_CURVE('',#3994,#3640,#3996,.T.);
#3994 = VERTEX_POINT('',#3995);
#3995 = CARTESIAN_POINT('',(-8.507204,17.616331,16.5));
#3996 = LINE('',#3997,#3998);
#3997 = CARTESIAN_POINT('',(-8.507204,17.616331,16.5));
#3998 = VECTOR('',#3999,1.);
#3999 = DIRECTION('',(-0.,-0.,-1.));
#4000 = ORIENTED_EDGE('',*,*,#4001,.F.);
#4001 = EDGE_CURVE('',#3970,#3994,#4002,.T.);
#4002 = LINE('',#4003,#4004);
#4003 = CARTESIAN_POINT('',(-6.335413,19.546812,16.5));
#4004 = VECTOR('',#4005,1.);
#4005 = DIRECTION('',(-0.747409299696,-0.664363860191,0.));
#4006 = PLANE('',#4007);
#4007 = AXIS2_PLACEMENT_3D('',#4008,#4009,#4010);
#4008 = CARTESIAN_POINT('',(-6.335413,19.546812,16.5));
#4009 = DIRECTION('',(-0.664363860191,0.747409299696,0.));
#4010 = DIRECTION('',(-0.747409299696,-0.664363860191,0.));
#4011 = ADVANCED_FACE('',(#4012),#4023,.F.);
#4012 = FACE_BOUND('',#4013,.F.);
#4013 = EDGE_LOOP('',(#4014,#4015,#4016,#4017));
#4014 = ORIENTED_EDGE('',*,*,#3993,.T.);
#4015 = ORIENTED_EDGE('',*,*,#3647,.T.);
#4016 = ORIENTED_EDGE('',*,*,#3960,.F.);
#4017 = ORIENTED_EDGE('',*,*,#4018,.F.);
#4018 = EDGE_CURVE('',#3994,#3961,#4019,.T.);
#4019 = LINE('',#4020,#4021);
#4020 = CARTESIAN_POINT('',(-8.507204,17.616331,16.5));
#4021 = VECTOR('',#4022,1.);
#4022 = DIRECTION('',(-4.343648998831E-02,0.99905619028,0.));
#4023 = PLANE('',#4024);
#4024 = AXIS2_PLACEMENT_3D('',#4025,#4026,#4027);
#4025 = CARTESIAN_POINT('',(-8.507204,17.616331,16.5));
#4026 = DIRECTION('',(0.99905619028,4.343648998831E-02,0.));
#4027 = DIRECTION('',(-4.343648998831E-02,0.99905619028,0.));
#4028 = ADVANCED_FACE('',(#4029),#4058,.F.);
#4029 = FACE_BOUND('',#4030,.F.);
#4030 = EDGE_LOOP('',(#4031,#4032,#4040,#4050));
#4031 = ORIENTED_EDGE('',*,*,#3689,.F.);
#4032 = ORIENTED_EDGE('',*,*,#4033,.T.);
#4033 = EDGE_CURVE('',#3690,#4034,#4036,.T.);
#4034 = VERTEX_POINT('',#4035);
#4035 = CARTESIAN_POINT('',(22.763725,23.423088,16.491));
#4036 = LINE('',#4037,#4038);
#4037 = CARTESIAN_POINT('',(22.763725,23.423088,16.49));
#4038 = VECTOR('',#4039,1.);
#4039 = DIRECTION('',(0.,0.,1.));
#4040 = ORIENTED_EDGE('',*,*,#4041,.T.);
#4041 = EDGE_CURVE('',#4034,#4042,#4044,.T.);
#4042 = VERTEX_POINT('',#4043);
#4043 = CARTESIAN_POINT('',(23.875051707554,18.085016968509,16.491));
#4044 = B_SPLINE_CURVE_WITH_KNOTS('',3,(#4045,#4046,#4047,#4048,#4049),
  .UNSPECIFIED.,.F.,.F.,(4,1,4),(0.,0.5,1.),.QUASI_UNIFORM_KNOTS.);
#4045 = CARTESIAN_POINT('',(22.763725,23.423088,16.491));
#4046 = CARTESIAN_POINT('',(21.378957170572,20.070403757186,16.491));
#4047 = CARTESIAN_POINT('',(27.11776,13.38461,16.491));
#4048 = CARTESIAN_POINT('',(36.854923819098,13.424001102541,16.491));
#4049 = CARTESIAN_POINT('',(37.962543,16.2873,16.491));
#4050 = ORIENTED_EDGE('',*,*,#4051,.F.);
#4051 = EDGE_CURVE('',#3692,#4042,#4052,.T.);
#4052 = B_SPLINE_CURVE_WITH_KNOTS('',4,(#4053,#4054,#4055,#4056,#4057),
  .UNSPECIFIED.,.F.,.F.,(5,5),(0.,1.),.PIECEWISE_BEZIER_KNOTS.);
#4053 = CARTESIAN_POINT('',(23.875051707554,18.085016968509,
    16.489735021896));
#4054 = CARTESIAN_POINT('',(23.875051707554,18.085016968509,
    16.489987542931));
#4055 = CARTESIAN_POINT('',(23.875051707554,18.085016968509,
    16.490535493275));
#4056 = CARTESIAN_POINT('',(23.875051707554,18.085016968509,
    16.490844591575));
#4057 = CARTESIAN_POINT('',(23.875051707554,18.085016968509,
    16.491264978104));
#4058 = SURFACE_OF_LINEAR_EXTRUSION('',#4059,#4065);
#4059 = B_SPLINE_CURVE_WITH_KNOTS('',3,(#4060,#4061,#4062,#4063,#4064),
  .UNSPECIFIED.,.F.,.F.,(4,1,4),(0.,0.5,1.),.QUASI_UNIFORM_KNOTS.);
#4060 = CARTESIAN_POINT('',(22.763725,23.423088,16.49));
#4061 = CARTESIAN_POINT('',(21.378957170572,20.070403757186,16.49));
#4062 = CARTESIAN_POINT('',(27.11776,13.38461,16.49));
#4063 = CARTESIAN_POINT('',(36.854923819098,13.424001102541,16.49));
#4064 = CARTESIAN_POINT('',(37.962543,16.2873,16.49));
#4065 = VECTOR('',#4066,1.);
#4066 = DIRECTION('',(-0.,-0.,-1.));
#4067 = ADVANCED_FACE('',(#4068),#4405,.F.);
#4068 = FACE_BOUND('',#4069,.F.);
#4069 = EDGE_LOOP('',(#4070,#4071,#4218,#4228,#4239,#4249,#4396,#4404));
#4070 = ORIENTED_EDGE('',*,*,#4051,.T.);
#4071 = ORIENTED_EDGE('',*,*,#4072,.T.);
#4072 = EDGE_CURVE('',#4042,#4073,#4075,.T.);
#4073 = VERTEX_POINT('',#4074);
#4074 = CARTESIAN_POINT('',(25.026299778103,20.161114750494,16.491));
#4075 = B_SPLINE_CURVE_WITH_KNOTS('',8,(#4076,#4077,#4078,#4079,#4080,
    #4081,#4082,#4083,#4084,#4085,#4086,#4087,#4088,#4089,#4090,#4091,
    #4092,#4093,#4094,#4095,#4096,#4097,#4098,#4099,#4100,#4101,#4102,
    #4103,#4104,#4105,#4106,#4107,#4108,#4109,#4110,#4111,#4112,#4113,
    #4114,#4115,#4116,#4117,#4118,#4119,#4120,#4121,#4122,#4123,#4124,
    #4125,#4126,#4127,#4128,#4129,#4130,#4131,#4132,#4133,#4134,#4135,
    #4136,#4137,#4138,#4139,#4140,#4141,#4142,#4143,#4144,#4145,#4146,
    #4147,#4148,#4149,#4150,#4151,#4152,#4153,#4154,#4155,#4156,#4157,
    #4158,#4159,#4160,#4161,#4162,#4163,#4164,#4165,#4166,#4167,#4168,
    #4169,#4170,#4171,#4172,#4173,#4174,#4175,#4176,#4177,#4178,#4179,
    #4180,#4181,#4182,#4183,#4184,#4185,#4186,#4187,#4188,#4189,#4190,
    #4191,#4192,#4193,#4194,#4195,#4196,#4197,#4198,#4199,#4200,#4201,
    #4202,#4203,#4204,#4205,#4206,#4207,#4208,#4209,#4210,#4211,#4212,
    #4213,#4214,#4215,#4216,#4217),.UNSPECIFIED.,.F.,.F.,(9,7,7,7,7,7,7,
    7,7,7,7,7,7,7,7,7,7,7,7,7,9),(0.,0.237401762022,0.359250763436,
    0.430829338662,0.449566044854,0.465908132865,0.499107545682,
    0.514233268962,0.520224075255,0.530928122159,0.541487585833,
    0.547460121473,0.561320949617,0.56793428266,0.574027223725,
    0.58104626552,0.610986175476,0.660136449497,0.745512509856,
    0.909245685959,1.),.UNSPECIFIED.);
#4076 = CARTESIAN_POINT('',(29.4142,19.1057,16.491));
#4077 = CARTESIAN_POINT('',(29.164935439502,18.671023016693,16.491));
#4078 = CARTESIAN_POINT('',(28.909131423636,18.240570714963,16.491));
#4079 = CARTESIAN_POINT('',(28.645752882115,17.814596846686,16.491));
#4080 = CARTESIAN_POINT('',(28.373632676161,17.39382539291,16.491));
#4081 = CARTESIAN_POINT('',(28.091507758969,16.979411908611,16.491));
#4082 = CARTESIAN_POINT('',(27.797611466971,16.573255909697,16.491));
#4083 = CARTESIAN_POINT('',(27.489844105631,16.177864545618,16.491));
#4084 = CARTESIAN_POINT('',(26.996594841247,15.602590732525,16.491));
#4085 = CARTESIAN_POINT('',(26.824750342412,15.41177085275,16.491));
#4086 = CARTESIAN_POINT('',(26.647640765792,15.225650321627,16.491));
#4087 = CARTESIAN_POINT('',(26.464580769795,15.045026794458,16.491));
#4088 = CARTESIAN_POINT('',(26.274891113026,14.871125591647,16.491));
#4089 = CARTESIAN_POINT('',(26.077861924166,14.705643079016,16.491));
#4090 = CARTESIAN_POINT('',(25.872666153756,14.550846176708,16.491));
#4091 = CARTESIAN_POINT('',(25.532187713996,14.326898723387,16.491));
#4092 = CARTESIAN_POINT('',(25.403014630004,14.248778937313,16.491));
#4093 = CARTESIAN_POINT('',(25.270551607154,14.176098760682,16.491));
#4094 = CARTESIAN_POINT('',(25.134768392056,14.109670355378,16.491));
#4095 = CARTESIAN_POINT('',(24.995723274487,14.050414956284,16.491));
#4096 = CARTESIAN_POINT('',(24.853602090193,13.999252213682,16.491));
#4097 = CARTESIAN_POINT('',(24.708738638762,13.957045054909,16.491));
#4098 = CARTESIAN_POINT('',(24.523428870706,13.91528352187,16.491));
#4099 = CARTESIAN_POINT('',(24.484849136516,13.907244328705,16.491));
#4100 = CARTESIAN_POINT('',(24.446147175601,13.899832180763,16.491));
#4101 = CARTESIAN_POINT('',(24.407336200955,13.893046072703,16.491));
#4102 = CARTESIAN_POINT('',(24.368429434266,13.886880594005,16.491));
#4103 = CARTESIAN_POINT('',(24.329440254074,13.881324967089,16.491));
#4104 = CARTESIAN_POINT('',(24.29038234392,13.876362085429,16.491));
#4105 = CARTESIAN_POINT('',(24.217156055164,13.868134655074,16.491));
#4106 = CARTESIAN_POINT('',(24.182999794504,13.864734296505,16.491));
#4107 = CARTESIAN_POINT('',(24.148810204858,13.861747708104,16.491));
#4108 = CARTESIAN_POINT('',(24.114596081577,13.859161760483,16.491));
#4109 = CARTESIAN_POINT('',(24.080364575693,13.856935089979,16.491));
#4110 = CARTESIAN_POINT('',(24.046122491042,13.855054485115,16.491));
#4111 = CARTESIAN_POINT('',(24.011875652616,13.853462946999,16.491));
#4112 = CARTESIAN_POINT('',(23.908057199671,13.849392895872,16.491));
#4113 = CARTESIAN_POINT('',(23.838532444237,13.847717824675,16.491));
#4114 = CARTESIAN_POINT('',(23.769018796241,13.84725676166,16.491));
#4115 = CARTESIAN_POINT('',(23.699526549461,13.848215310916,16.491));
#4116 = CARTESIAN_POINT('',(23.630114654129,13.850863888619,16.491));
#4117 = CARTESIAN_POINT('',(23.56089146432,13.855550212045,16.491));
#4118 = CARTESIAN_POINT('',(23.492017362575,13.862739280627,16.491));
#4119 = CARTESIAN_POINT('',(23.392592524431,13.877844619701,16.491));
#4120 = CARTESIAN_POINT('',(23.361605194587,13.883232187064,16.491));
#4121 = CARTESIAN_POINT('',(23.330772409199,13.889343210805,16.491));
#4122 = CARTESIAN_POINT('',(23.300129801203,13.896248633556,16.491));
#4123 = CARTESIAN_POINT('',(23.2697268818,13.904027378588,16.491));
#4124 = CARTESIAN_POINT('',(23.239626776098,13.912765699968,16.491));
#4125 = CARTESIAN_POINT('',(23.20990545796,13.922554998579,16.491));
#4126 = CARTESIAN_POINT('',(23.169063541776,13.937818350927,16.491));
#4127 = CARTESIAN_POINT('',(23.157550620529,13.942327561425,16.491));
#4128 = CARTESIAN_POINT('',(23.146117756395,13.947021465373,16.491));
#4129 = CARTESIAN_POINT('',(23.134771379202,13.951905470468,16.491));
#4130 = CARTESIAN_POINT('',(23.123518312481,13.956984662223,16.491));
#4131 = CARTESIAN_POINT('',(23.112365773472,13.962263803969,16.491));
#4132 = CARTESIAN_POINT('',(23.101321373121,13.967747336853,16.491));
#4133 = CARTESIAN_POINT('',(23.070867100679,13.983609612714,16.491));
#4134 = CARTESIAN_POINT('',(23.051708511277,13.994446781394,16.491));
#4135 = CARTESIAN_POINT('',(23.03296665191,14.005971085053,16.491));
#4136 = CARTESIAN_POINT('',(23.014691007642,14.018197287935,16.491));
#4137 = CARTESIAN_POINT('',(22.996929523204,14.031132298231,16.491));
#4138 = CARTESIAN_POINT('',(22.979726881638,14.044772746949,16.491));
#4139 = CARTESIAN_POINT('',(22.96312278294,14.059102566789,16.491));
#4140 = CARTESIAN_POINT('',(22.931393409297,14.088876127124,16.491));
#4141 = CARTESIAN_POINT('',(22.916247259026,14.1043058054,16.491));
#4142 = CARTESIAN_POINT('',(22.901744605637,14.120350191551,16.491));
#4143 = CARTESIAN_POINT('',(22.887903632,14.136972744525,16.491));
#4144 = CARTESIAN_POINT('',(22.874729918414,14.15413133382,16.491));
#4145 = CARTESIAN_POINT('',(22.862218490911,14.171779776813,16.491));
#4146 = CARTESIAN_POINT('',(22.850355869567,14.189869376079,16.491));
#4147 = CARTESIAN_POINT('',(22.83276819669,14.21880353617,16.491));
#4148 = CARTESIAN_POINT('',(22.826614865534,14.229382881639,16.491));
#4149 = CARTESIAN_POINT('',(22.82065814462,14.24008028772,16.491));
#4150 = CARTESIAN_POINT('',(22.814893357958,14.250887783177,16.491));
#4151 = CARTESIAN_POINT('',(22.809315266978,14.261797705176,16.491));
#4152 = CARTESIAN_POINT('',(22.803918205221,14.272802773519,16.491));
#4153 = CARTESIAN_POINT('',(22.798696213025,14.283896164874,16.491));
#4154 = CARTESIAN_POINT('',(22.78191627187,14.321007071528,16.491));
#4155 = CARTESIAN_POINT('',(22.771101384445,14.347379823928,16.491));
#4156 = CARTESIAN_POINT('',(22.761118482437,14.374116618575,16.491));
#4157 = CARTESIAN_POINT('',(22.75188693621,14.401152807514,16.491));
#4158 = CARTESIAN_POINT('',(22.743329186519,14.428433762191,16.491));
#4159 = CARTESIAN_POINT('',(22.735372961907,14.455915775147,16.491));
#4160 = CARTESIAN_POINT('',(22.727952040984,14.48356642169,16.491));
#4161 = CARTESIAN_POINT('',(22.717691226945,14.524627453877,16.491));
#4162 = CARTESIAN_POINT('',(22.714485105775,14.537923178215,16.491));
#4163 = CARTESIAN_POINT('',(22.711380739346,14.55124873964,16.491));
#4164 = CARTESIAN_POINT('',(22.708371985036,14.564601574084,16.491));
#4165 = CARTESIAN_POINT('',(22.705453014319,14.577979368325,16.491));
#4166 = CARTESIAN_POINT('',(22.702618312767,14.591380059981,16.491));
#4167 = CARTESIAN_POINT('',(22.699862680047,14.604801837518,16.491));
#4168 = CARTESIAN_POINT('',(22.694710778576,14.630626769621,16.491));
#4169 = CARTESIAN_POINT('',(22.69230149545,14.643026617028,16.491));
#4170 = CARTESIAN_POINT('',(22.689961540454,14.65544400018,16.491));
#4171 = CARTESIAN_POINT('',(22.68770423026,14.667881418793,16.491));
#4172 = CARTESIAN_POINT('',(22.685537974944,14.680339840091,16.491));
#4173 = CARTESIAN_POINT('',(22.683469153562,14.692819522914,16.491));
#4174 = CARTESIAN_POINT('',(22.68150633439,14.705321157296,16.491));
#4175 = CARTESIAN_POINT('',(22.67752064718,14.732270467987,16.491));
#4176 = CARTESIAN_POINT('',(22.675534174998,14.746725423547,16.491));
#4177 = CARTESIAN_POINT('',(22.673703442914,14.761208284243,16.491));
#4178 = CARTESIAN_POINT('',(22.672034960154,14.7757178852,16.491));
#4179 = CARTESIAN_POINT('',(22.670533355102,14.790252607956,16.491));
#4180 = CARTESIAN_POINT('',(22.669201599142,14.804810413017,16.491));
#4181 = CARTESIAN_POINT('',(22.668041230512,14.819388872394,16.491));
#4182 = CARTESIAN_POINT('',(22.662835455143,14.896246235985,16.491));
#4183 = CARTESIAN_POINT('',(22.661744824911,14.958806967266,16.491));
#4184 = CARTESIAN_POINT('',(22.663799149467,15.02146833431,16.491));
#4185 = CARTESIAN_POINT('',(22.668616940072,15.084076337732,16.491));
#4186 = CARTESIAN_POINT('',(22.67581182325,15.146514160488,16.491));
#4187 = CARTESIAN_POINT('',(22.685067141735,15.208701798007,16.491));
#4188 = CARTESIAN_POINT('',(22.696092880132,15.2705990192,16.491));
#4189 = CARTESIAN_POINT('',(22.729310923167,15.433345815698,16.491));
#4190 = CARTESIAN_POINT('',(22.754121443654,15.533677934955,16.491));
#4191 = CARTESIAN_POINT('',(22.782111062218,15.633277831006,16.491));
#4192 = CARTESIAN_POINT('',(22.812634701854,15.732177498319,16.491));
#4193 = CARTESIAN_POINT('',(22.845235103524,15.830410003706,16.491));
#4194 = CARTESIAN_POINT('',(22.879574573559,15.928028133977,16.491));
#4195 = CARTESIAN_POINT('',(22.915410734505,16.025110793324,16.491));
#4196 = CARTESIAN_POINT('',(23.017126012205,16.289669193759,16.491));
#4197 = CARTESIAN_POINT('',(23.08560338219,16.456090208494,16.491));
#4198 = CARTESIAN_POINT('',(23.156998070971,16.621345398611,16.491));
#4199 = CARTESIAN_POINT('',(23.230742164995,16.785592925095,16.491));
#4200 = CARTESIAN_POINT('',(23.306433336456,16.94895078691,16.491));
#4201 = CARTESIAN_POINT('',(23.383764626857,17.111527154436,16.491));
#4202 = CARTESIAN_POINT('',(23.46252787033,17.273419403955,16.491));
#4203 = CARTESIAN_POINT('',(23.69604712223,17.744103888504,16.491));
#4204 = CARTESIAN_POINT('',(23.85413595953,18.05121091783,16.491));
#4205 = CARTESIAN_POINT('',(24.015604715138,18.356604617357,16.491));
#4206 = CARTESIAN_POINT('',(24.179820851962,18.660549788312,16.491));
#4207 = CARTESIAN_POINT('',(24.346293988554,18.963261209789,16.491));
#4208 = CARTESIAN_POINT('',(24.514699335952,19.264892237735,16.491));
#4209 = CARTESIAN_POINT('',(24.684779724129,19.565584855137,16.491));
#4210 = CARTESIAN_POINT('',(24.951447133414,20.031688551004,16.491));
#4211 = CARTESIAN_POINT('',(25.046997894328,20.197652273992,16.491));
#4212 = CARTESIAN_POINT('',(25.142967212107,20.36337733464,16.491));
#4213 = CARTESIAN_POINT('',(25.239325345177,20.52887906817,16.491));
#4214 = CARTESIAN_POINT('',(25.336046467679,20.694170878073,16.491));
#4215 = CARTESIAN_POINT('',(25.433107990949,20.859264625398,16.491));
#4216 = CARTESIAN_POINT('',(25.530489884998,21.024171018033,16.491));
#4217 = CARTESIAN_POINT('',(25.628174,21.1889,16.491));
#4218 = ORIENTED_EDGE('',*,*,#4219,.F.);
#4219 = EDGE_CURVE('',#4220,#4073,#4222,.T.);
#4220 = VERTEX_POINT('',#4221);
#4221 = CARTESIAN_POINT('',(25.026299788627,20.161114742506,16.51));
#4222 = B_SPLINE_CURVE_WITH_KNOTS('',4,(#4223,#4224,#4225,#4226,#4227),
  .UNSPECIFIED.,.F.,.F.,(5,5),(0.,1.),.PIECEWISE_BEZIER_KNOTS.);
#4223 = CARTESIAN_POINT('',(25.026299788627,20.161114742506,
    16.5102659048));
#4224 = CARTESIAN_POINT('',(25.026299788627,20.161114742506,
    16.5053829524));
#4225 = CARTESIAN_POINT('',(25.026299788627,20.161114742506,16.5005));
#4226 = CARTESIAN_POINT('',(25.026299788627,20.161114742506,
    16.4956170476));
#4227 = CARTESIAN_POINT('',(25.026299788627,20.161114742506,
    16.4907340952));
#4228 = ORIENTED_EDGE('',*,*,#4229,.T.);
#4229 = EDGE_CURVE('',#4220,#4230,#4232,.T.);
#4230 = VERTEX_POINT('',#4231);
#4231 = CARTESIAN_POINT('',(28.695595940393,17.911141635388,16.51));
#4232 = B_SPLINE_CURVE_WITH_KNOTS('',3,(#4233,#4234,#4235,#4236,#4237,
    #4238),.UNSPECIFIED.,.F.,.F.,(4,1,1,4),(0.,0.333333333333,
    0.666666666667,1.),.QUASI_UNIFORM_KNOTS.);
#4233 = CARTESIAN_POINT('',(25.628174,21.1889,16.51));
#4234 = CARTESIAN_POINT('',(22.58767769244,16.06157851678,16.51));
#4235 = CARTESIAN_POINT('',(22.582585510874,14.305393897433,16.51));
#4236 = CARTESIAN_POINT('',(23.258503641696,13.568417181094,16.51));
#4237 = CARTESIAN_POINT('',(26.608387,14.212817,16.51));
#4238 = CARTESIAN_POINT('',(29.4142,19.1057,16.51));
#4239 = ORIENTED_EDGE('',*,*,#4240,.F.);
#4240 = EDGE_CURVE('',#4241,#4230,#4243,.T.);
#4241 = VERTEX_POINT('',#4242);
#4242 = CARTESIAN_POINT('',(28.69559593227,17.911141639518,16.491));
#4243 = B_SPLINE_CURVE_WITH_KNOTS('',4,(#4244,#4245,#4246,#4247,#4248),
  .UNSPECIFIED.,.F.,.F.,(5,5),(0.,1.),.PIECEWISE_BEZIER_KNOTS.);
#4244 = CARTESIAN_POINT('',(28.695595940393,17.911141635388,
    16.4907340952));
#4245 = CARTESIAN_POINT('',(28.695595940393,17.911141635388,
    16.4956170476));
#4246 = CARTESIAN_POINT('',(28.695595940393,17.911141635388,16.5005));
#4247 = CARTESIAN_POINT('',(28.695595940393,17.911141635388,
    16.5053829524));
#4248 = CARTESIAN_POINT('',(28.695595940393,17.911141635388,
    16.5102659048));
#4249 = ORIENTED_EDGE('',*,*,#4250,.T.);
#4250 = EDGE_CURVE('',#4241,#4251,#4253,.T.);
#4251 = VERTEX_POINT('',#4252);
#4252 = CARTESIAN_POINT('',(26.998209118726,15.60862825388,16.491));
#4253 = B_SPLINE_CURVE_WITH_KNOTS('',8,(#4254,#4255,#4256,#4257,#4258,
    #4259,#4260,#4261,#4262,#4263,#4264,#4265,#4266,#4267,#4268,#4269,
    #4270,#4271,#4272,#4273,#4274,#4275,#4276,#4277,#4278,#4279,#4280,
    #4281,#4282,#4283,#4284,#4285,#4286,#4287,#4288,#4289,#4290,#4291,
    #4292,#4293,#4294,#4295,#4296,#4297,#4298,#4299,#4300,#4301,#4302,
    #4303,#4304,#4305,#4306,#4307,#4308,#4309,#4310,#4311,#4312,#4313,
    #4314,#4315,#4316,#4317,#4318,#4319,#4320,#4321,#4322,#4323,#4324,
    #4325,#4326,#4327,#4328,#4329,#4330,#4331,#4332,#4333,#4334,#4335,
    #4336,#4337,#4338,#4339,#4340,#4341,#4342,#4343,#4344,#4345,#4346,
    #4347,#4348,#4349,#4350,#4351,#4352,#4353,#4354,#4355,#4356,#4357,
    #4358,#4359,#4360,#4361,#4362,#4363,#4364,#4365,#4366,#4367,#4368,
    #4369,#4370,#4371,#4372,#4373,#4374,#4375,#4376,#4377,#4378,#4379,
    #4380,#4381,#4382,#4383,#4384,#4385,#4386,#4387,#4388,#4389,#4390,
    #4391,#4392,#4393,#4394,#4395),.UNSPECIFIED.,.F.,.F.,(9,7,7,7,7,7,7,
    7,7,7,7,7,7,7,7,7,7,7,7,7,9),(0.,0.237401762022,0.359250763436,
    0.430829338662,0.449566044854,0.465908132865,0.499107545682,
    0.514233268962,0.520224075255,0.530928122159,0.541487585833,
    0.547460121473,0.561320949617,0.56793428266,0.574027223725,
    0.58104626552,0.610986175476,0.660136449497,0.745512509856,
    0.909245685959,1.),.UNSPECIFIED.);
#4254 = CARTESIAN_POINT('',(29.4142,19.1057,16.491));
#4255 = CARTESIAN_POINT('',(29.164935439502,18.671023016693,16.491));
#4256 = CARTESIAN_POINT('',(28.909131423636,18.240570714963,16.491));
#4257 = CARTESIAN_POINT('',(28.645752882115,17.814596846686,16.491));
#4258 = CARTESIAN_POINT('',(28.373632676161,17.39382539291,16.491));
#4259 = CARTESIAN_POINT('',(28.091507758969,16.979411908611,16.491));
#4260 = CARTESIAN_POINT('',(27.797611466971,16.573255909697,16.491));
#4261 = CARTESIAN_POINT('',(27.489844105631,16.177864545618,16.491));
#4262 = CARTESIAN_POINT('',(26.996594841247,15.602590732525,16.491));
#4263 = CARTESIAN_POINT('',(26.824750342412,15.41177085275,16.491));
#4264 = CARTESIAN_POINT('',(26.647640765792,15.225650321627,16.491));
#4265 = CARTESIAN_POINT('',(26.464580769795,15.045026794458,16.491));
#4266 = CARTESIAN_POINT('',(26.274891113026,14.871125591647,16.491));
#4267 = CARTESIAN_POINT('',(26.077861924166,14.705643079016,16.491));
#4268 = CARTESIAN_POINT('',(25.872666153756,14.550846176708,16.491));
#4269 = CARTESIAN_POINT('',(25.532187713996,14.326898723387,16.491));
#4270 = CARTESIAN_POINT('',(25.403014630004,14.248778937313,16.491));
#4271 = CARTESIAN_POINT('',(25.270551607154,14.176098760682,16.491));
#4272 = CARTESIAN_POINT('',(25.134768392056,14.109670355378,16.491));
#4273 = CARTESIAN_POINT('',(24.995723274487,14.050414956284,16.491));
#4274 = CARTESIAN_POINT('',(24.853602090193,13.999252213682,16.491));
#4275 = CARTESIAN_POINT('',(24.708738638762,13.957045054909,16.491));
#4276 = CARTESIAN_POINT('',(24.523428870706,13.91528352187,16.491));
#4277 = CARTESIAN_POINT('',(24.484849136516,13.907244328705,16.491));
#4278 = CARTESIAN_POINT('',(24.446147175601,13.899832180763,16.491));
#4279 = CARTESIAN_POINT('',(24.407336200955,13.893046072703,16.491));
#4280 = CARTESIAN_POINT('',(24.368429434266,13.886880594005,16.491));
#4281 = CARTESIAN_POINT('',(24.329440254074,13.881324967089,16.491));
#4282 = CARTESIAN_POINT('',(24.29038234392,13.876362085429,16.491));
#4283 = CARTESIAN_POINT('',(24.217156055164,13.868134655074,16.491));
#4284 = CARTESIAN_POINT('',(24.182999794504,13.864734296505,16.491));
#4285 = CARTESIAN_POINT('',(24.148810204858,13.861747708104,16.491));
#4286 = CARTESIAN_POINT('',(24.114596081577,13.859161760483,16.491));
#4287 = CARTESIAN_POINT('',(24.080364575693,13.856935089979,16.491));
#4288 = CARTESIAN_POINT('',(24.046122491042,13.855054485115,16.491));
#4289 = CARTESIAN_POINT('',(24.011875652616,13.853462946999,16.491));
#4290 = CARTESIAN_POINT('',(23.908057199671,13.849392895872,16.491));
#4291 = CARTESIAN_POINT('',(23.838532444237,13.847717824675,16.491));
#4292 = CARTESIAN_POINT('',(23.769018796241,13.84725676166,16.491));
#4293 = CARTESIAN_POINT('',(23.699526549461,13.848215310916,16.491));
#4294 = CARTESIAN_POINT('',(23.630114654129,13.850863888619,16.491));
#4295 = CARTESIAN_POINT('',(23.56089146432,13.855550212045,16.491));
#4296 = CARTESIAN_POINT('',(23.492017362575,13.862739280627,16.491));
#4297 = CARTESIAN_POINT('',(23.392592524431,13.877844619701,16.491));
#4298 = CARTESIAN_POINT('',(23.361605194587,13.883232187064,16.491));
#4299 = CARTESIAN_POINT('',(23.330772409199,13.889343210805,16.491));
#4300 = CARTESIAN_POINT('',(23.300129801203,13.896248633556,16.491));
#4301 = CARTESIAN_POINT('',(23.2697268818,13.904027378588,16.491));
#4302 = CARTESIAN_POINT('',(23.239626776098,13.912765699968,16.491));
#4303 = CARTESIAN_POINT('',(23.20990545796,13.922554998579,16.491));
#4304 = CARTESIAN_POINT('',(23.169063541776,13.937818350927,16.491));
#4305 = CARTESIAN_POINT('',(23.157550620529,13.942327561425,16.491));
#4306 = CARTESIAN_POINT('',(23.146117756395,13.947021465373,16.491));
#4307 = CARTESIAN_POINT('',(23.134771379202,13.951905470468,16.491));
#4308 = CARTESIAN_POINT('',(23.123518312481,13.956984662223,16.491));
#4309 = CARTESIAN_POINT('',(23.112365773472,13.962263803969,16.491));
#4310 = CARTESIAN_POINT('',(23.101321373121,13.967747336853,16.491));
#4311 = CARTESIAN_POINT('',(23.070867100679,13.983609612714,16.491));
#4312 = CARTESIAN_POINT('',(23.051708511277,13.994446781394,16.491));
#4313 = CARTESIAN_POINT('',(23.03296665191,14.005971085053,16.491));
#4314 = CARTESIAN_POINT('',(23.014691007642,14.018197287935,16.491));
#4315 = CARTESIAN_POINT('',(22.996929523204,14.031132298231,16.491));
#4316 = CARTESIAN_POINT('',(22.979726881638,14.044772746949,16.491));
#4317 = CARTESIAN_POINT('',(22.96312278294,14.059102566789,16.491));
#4318 = CARTESIAN_POINT('',(22.931393409297,14.088876127124,16.491));
#4319 = CARTESIAN_POINT('',(22.916247259026,14.1043058054,16.491));
#4320 = CARTESIAN_POINT('',(22.901744605637,14.120350191551,16.491));
#4321 = CARTESIAN_POINT('',(22.887903632,14.136972744525,16.491));
#4322 = CARTESIAN_POINT('',(22.874729918414,14.15413133382,16.491));
#4323 = CARTESIAN_POINT('',(22.862218490911,14.171779776813,16.491));
#4324 = CARTESIAN_POINT('',(22.850355869567,14.189869376079,16.491));
#4325 = CARTESIAN_POINT('',(22.83276819669,14.21880353617,16.491));
#4326 = CARTESIAN_POINT('',(22.826614865534,14.229382881639,16.491));
#4327 = CARTESIAN_POINT('',(22.82065814462,14.24008028772,16.491));
#4328 = CARTESIAN_POINT('',(22.814893357958,14.250887783177,16.491));
#4329 = CARTESIAN_POINT('',(22.809315266978,14.261797705176,16.491));
#4330 = CARTESIAN_POINT('',(22.803918205221,14.272802773519,16.491));
#4331 = CARTESIAN_POINT('',(22.798696213025,14.283896164874,16.491));
#4332 = CARTESIAN_POINT('',(22.78191627187,14.321007071528,16.491));
#4333 = CARTESIAN_POINT('',(22.771101384445,14.347379823928,16.491));
#4334 = CARTESIAN_POINT('',(22.761118482437,14.374116618575,16.491));
#4335 = CARTESIAN_POINT('',(22.75188693621,14.401152807514,16.491));
#4336 = CARTESIAN_POINT('',(22.743329186519,14.428433762191,16.491));
#4337 = CARTESIAN_POINT('',(22.735372961907,14.455915775147,16.491));
#4338 = CARTESIAN_POINT('',(22.727952040984,14.48356642169,16.491));
#4339 = CARTESIAN_POINT('',(22.717691226945,14.524627453877,16.491));
#4340 = CARTESIAN_POINT('',(22.714485105775,14.537923178215,16.491));
#4341 = CARTESIAN_POINT('',(22.711380739346,14.55124873964,16.491));
#4342 = CARTESIAN_POINT('',(22.708371985036,14.564601574084,16.491));
#4343 = CARTESIAN_POINT('',(22.705453014319,14.577979368325,16.491));
#4344 = CARTESIAN_POINT('',(22.702618312767,14.591380059981,16.491));
#4345 = CARTESIAN_POINT('',(22.699862680047,14.604801837518,16.491));
#4346 = CARTESIAN_POINT('',(22.694710778576,14.630626769621,16.491));
#4347 = CARTESIAN_POINT('',(22.69230149545,14.643026617028,16.491));
#4348 = CARTESIAN_POINT('',(22.689961540454,14.65544400018,16.491));
#4349 = CARTESIAN_POINT('',(22.68770423026,14.667881418793,16.491));
#4350 = CARTESIAN_POINT('',(22.685537974944,14.680339840091,16.491));
#4351 = CARTESIAN_POINT('',(22.683469153562,14.692819522914,16.491));
#4352 = CARTESIAN_POINT('',(22.68150633439,14.705321157296,16.491));
#4353 = CARTESIAN_POINT('',(22.67752064718,14.732270467987,16.491));
#4354 = CARTESIAN_POINT('',(22.675534174998,14.746725423547,16.491));
#4355 = CARTESIAN_POINT('',(22.673703442914,14.761208284243,16.491));
#4356 = CARTESIAN_POINT('',(22.672034960154,14.7757178852,16.491));
#4357 = CARTESIAN_POINT('',(22.670533355102,14.790252607956,16.491));
#4358 = CARTESIAN_POINT('',(22.669201599142,14.804810413017,16.491));
#4359 = CARTESIAN_POINT('',(22.668041230512,14.819388872394,16.491));
#4360 = CARTESIAN_POINT('',(22.662835455143,14.896246235985,16.491));
#4361 = CARTESIAN_POINT('',(22.661744824911,14.958806967266,16.491));
#4362 = CARTESIAN_POINT('',(22.663799149467,15.02146833431,16.491));
#4363 = CARTESIAN_POINT('',(22.668616940072,15.084076337732,16.491));
#4364 = CARTESIAN_POINT('',(22.67581182325,15.146514160488,16.491));
#4365 = CARTESIAN_POINT('',(22.685067141735,15.208701798007,16.491));
#4366 = CARTESIAN_POINT('',(22.696092880132,15.2705990192,16.491));
#4367 = CARTESIAN_POINT('',(22.729310923167,15.433345815698,16.491));
#4368 = CARTESIAN_POINT('',(22.754121443654,15.533677934955,16.491));
#4369 = CARTESIAN_POINT('',(22.782111062218,15.633277831006,16.491));
#4370 = CARTESIAN_POINT('',(22.812634701854,15.732177498319,16.491));
#4371 = CARTESIAN_POINT('',(22.845235103524,15.830410003706,16.491));
#4372 = CARTESIAN_POINT('',(22.879574573559,15.928028133977,16.491));
#4373 = CARTESIAN_POINT('',(22.915410734505,16.025110793324,16.491));
#4374 = CARTESIAN_POINT('',(23.017126012205,16.289669193759,16.491));
#4375 = CARTESIAN_POINT('',(23.08560338219,16.456090208494,16.491));
#4376 = CARTESIAN_POINT('',(23.156998070971,16.621345398611,16.491));
#4377 = CARTESIAN_POINT('',(23.230742164995,16.785592925095,16.491));
#4378 = CARTESIAN_POINT('',(23.306433336456,16.94895078691,16.491));
#4379 = CARTESIAN_POINT('',(23.383764626857,17.111527154436,16.491));
#4380 = CARTESIAN_POINT('',(23.46252787033,17.273419403955,16.491));
#4381 = CARTESIAN_POINT('',(23.69604712223,17.744103888504,16.491));
#4382 = CARTESIAN_POINT('',(23.85413595953,18.05121091783,16.491));
#4383 = CARTESIAN_POINT('',(24.015604715138,18.356604617357,16.491));
#4384 = CARTESIAN_POINT('',(24.179820851962,18.660549788312,16.491));
#4385 = CARTESIAN_POINT('',(24.346293988554,18.963261209789,16.491));
#4386 = CARTESIAN_POINT('',(24.514699335952,19.264892237735,16.491));
#4387 = CARTESIAN_POINT('',(24.684779724129,19.565584855137,16.491));
#4388 = CARTESIAN_POINT('',(24.951447133414,20.031688551004,16.491));
#4389 = CARTESIAN_POINT('',(25.046997894328,20.197652273992,16.491));
#4390 = CARTESIAN_POINT('',(25.142967212107,20.36337733464,16.491));
#4391 = CARTESIAN_POINT('',(25.239325345177,20.52887906817,16.491));
#4392 = CARTESIAN_POINT('',(25.336046467679,20.694170878073,16.491));
#4393 = CARTESIAN_POINT('',(25.433107990949,20.859264625398,16.491));
#4394 = CARTESIAN_POINT('',(25.530489884998,21.024171018033,16.491));
#4395 = CARTESIAN_POINT('',(25.628174,21.1889,16.491));
#4396 = ORIENTED_EDGE('',*,*,#4397,.T.);
#4397 = EDGE_CURVE('',#4251,#3710,#4398,.T.);
#4398 = B_SPLINE_CURVE_WITH_KNOTS('',4,(#4399,#4400,#4401,#4402,#4403),
  .UNSPECIFIED.,.F.,.F.,(5,5),(0.,1.),.PIECEWISE_BEZIER_KNOTS.);
#4399 = CARTESIAN_POINT('',(26.998209118726,15.60862825388,
    16.491264978104));
#4400 = CARTESIAN_POINT('',(26.998209118726,15.60862825388,
    16.49088248905));
#4401 = CARTESIAN_POINT('',(26.998209118726,15.60862825388,16.4905));
#4402 = CARTESIAN_POINT('',(26.998209118726,15.60862825388,
    16.490117510951));
#4403 = CARTESIAN_POINT('',(26.998209118726,15.60862825388,
    16.489735021896));
#4404 = ORIENTED_EDGE('',*,*,#3719,.F.);
#4405 = SURFACE_OF_LINEAR_EXTRUSION('',#4406,#4413);
#4406 = B_SPLINE_CURVE_WITH_KNOTS('',3,(#4407,#4408,#4409,#4410,#4411,
    #4412),.UNSPECIFIED.,.F.,.F.,(4,1,1,4),(0.,0.333333333333,
    0.666666666667,1.),.QUASI_UNIFORM_KNOTS.);
#4407 = CARTESIAN_POINT('',(25.628174,21.1889,16.49));
#4408 = CARTESIAN_POINT('',(22.58767769244,16.06157851678,16.49));
#4409 = CARTESIAN_POINT('',(22.582585510874,14.305393897433,16.49));
#4410 = CARTESIAN_POINT('',(23.258503641696,13.568417181094,16.49));
#4411 = CARTESIAN_POINT('',(26.608387,14.212817,16.49));
#4412 = CARTESIAN_POINT('',(29.4142,19.1057,16.49));
#4413 = VECTOR('',#4414,1.);
#4414 = DIRECTION('',(-0.,-0.,-1.));
#4415 = ADVANCED_FACE('',(#4416),#4436,.F.);
#4416 = FACE_BOUND('',#4417,.F.);
#4417 = EDGE_LOOP('',(#4418,#4419,#4420,#4430));
#4418 = ORIENTED_EDGE('',*,*,#3709,.F.);
#4419 = ORIENTED_EDGE('',*,*,#4397,.F.);
#4420 = ORIENTED_EDGE('',*,*,#4421,.T.);
#4421 = EDGE_CURVE('',#4251,#4422,#4424,.T.);
#4422 = VERTEX_POINT('',#4423);
#4423 = CARTESIAN_POINT('',(37.962543,16.2873,16.491));
#4424 = B_SPLINE_CURVE_WITH_KNOTS('',3,(#4425,#4426,#4427,#4428,#4429),
  .UNSPECIFIED.,.F.,.F.,(4,1,4),(0.,0.5,1.),.QUASI_UNIFORM_KNOTS.);
#4425 = CARTESIAN_POINT('',(22.763725,23.423088,16.491));
#4426 = CARTESIAN_POINT('',(21.378957170572,20.070403757186,16.491));
#4427 = CARTESIAN_POINT('',(27.11776,13.38461,16.491));
#4428 = CARTESIAN_POINT('',(36.854923819098,13.424001102541,16.491));
#4429 = CARTESIAN_POINT('',(37.962543,16.2873,16.491));
#4430 = ORIENTED_EDGE('',*,*,#4431,.F.);
#4431 = EDGE_CURVE('',#3702,#4422,#4432,.T.);
#4432 = LINE('',#4433,#4434);
#4433 = CARTESIAN_POINT('',(37.962543,16.2873,16.49));
#4434 = VECTOR('',#4435,1.);
#4435 = DIRECTION('',(0.,0.,1.));
#4436 = SURFACE_OF_LINEAR_EXTRUSION('',#4437,#4443);
#4437 = B_SPLINE_CURVE_WITH_KNOTS('',3,(#4438,#4439,#4440,#4441,#4442),
  .UNSPECIFIED.,.F.,.F.,(4,1,4),(0.,0.5,1.),.QUASI_UNIFORM_KNOTS.);
#4438 = CARTESIAN_POINT('',(22.763725,23.423088,16.49));
#4439 = CARTESIAN_POINT('',(21.378957170572,20.070403757186,16.49));
#4440 = CARTESIAN_POINT('',(27.11776,13.38461,16.49));
#4441 = CARTESIAN_POINT('',(36.854923819098,13.424001102541,16.49));
#4442 = CARTESIAN_POINT('',(37.962543,16.2873,16.49));
#4443 = VECTOR('',#4444,1.);
#4444 = DIRECTION('',(-0.,-0.,-1.));
#4445 = ADVANCED_FACE('',(#4446),#4473,.T.);
#4446 = FACE_BOUND('',#4447,.T.);
#4447 = EDGE_LOOP('',(#4448,#4449,#4457,#4465,#4471,#4472));
#4448 = ORIENTED_EDGE('',*,*,#4033,.T.);
#4449 = ORIENTED_EDGE('',*,*,#4450,.T.);
#4450 = EDGE_CURVE('',#4034,#4451,#4453,.T.);
#4451 = VERTEX_POINT('',#4452);
#4452 = CARTESIAN_POINT('',(22.798895229303,23.406575709359,16.491));
#4453 = LINE('',#4454,#4455);
#4454 = CARTESIAN_POINT('',(22.763725,23.423088,16.491));
#4455 = VECTOR('',#4456,1.);
#4456 = DIRECTION('',(0.905199166306,-0.424987610782,0.));
#4457 = ORIENTED_EDGE('',*,*,#4458,.T.);
#4458 = EDGE_CURVE('',#4451,#4459,#4461,.T.);
#4459 = VERTEX_POINT('',#4460);
#4460 = CARTESIAN_POINT('',(37.895569,16.318644,16.491));
#4461 = LINE('',#4462,#4463);
#4462 = CARTESIAN_POINT('',(22.763725,23.423088,16.491));
#4463 = VECTOR('',#4464,1.);
#4464 = DIRECTION('',(0.905199166306,-0.424987610782,0.));
#4465 = ORIENTED_EDGE('',*,*,#4466,.T.);
#4466 = EDGE_CURVE('',#4459,#4422,#4467,.T.);
#4467 = LINE('',#4468,#4469);
#4468 = CARTESIAN_POINT('',(22.763725,23.423088,16.491));
#4469 = VECTOR('',#4470,1.);
#4470 = DIRECTION('',(0.905199166306,-0.424987610782,0.));
#4471 = ORIENTED_EDGE('',*,*,#4431,.F.);
#4472 = ORIENTED_EDGE('',*,*,#3701,.F.);
#4473 = PLANE('',#4474);
#4474 = AXIS2_PLACEMENT_3D('',#4475,#4476,#4477);
#4475 = CARTESIAN_POINT('',(22.763725,23.423088,16.49));
#4476 = DIRECTION('',(0.424987610782,0.905199166306,0.));
#4477 = DIRECTION('',(0.905199166306,-0.424987610782,0.));
#4478 = ADVANCED_FACE('',(#4479),#4498,.T.);
#4479 = FACE_BOUND('',#4480,.T.);
#4480 = EDGE_LOOP('',(#4481,#4489,#4490,#4491));
#4481 = ORIENTED_EDGE('',*,*,#4482,.T.);
#4482 = EDGE_CURVE('',#4483,#3731,#4485,.T.);
#4483 = VERTEX_POINT('',#4484);
#4484 = CARTESIAN_POINT('',(30.980325,29.923071,16.5));
#4485 = LINE('',#4486,#4487);
#4486 = CARTESIAN_POINT('',(30.980325,29.923071,16.5));
#4487 = VECTOR('',#4488,1.);
#4488 = DIRECTION('',(-0.,-0.,-1.));
#4489 = ORIENTED_EDGE('',*,*,#3730,.T.);
#4490 = ORIENTED_EDGE('',*,*,#4482,.F.);
#4491 = ORIENTED_EDGE('',*,*,#4492,.F.);
#4492 = EDGE_CURVE('',#4483,#4483,#4493,.T.);
#4493 = CIRCLE('',#4494,4.488628);
#4494 = AXIS2_PLACEMENT_3D('',#4495,#4496,#4497);
#4495 = CARTESIAN_POINT('',(26.491697,29.923071,16.5));
#4496 = DIRECTION('',(0.,0.,1.));
#4497 = DIRECTION('',(1.,0.,0.));
#4498 = CYLINDRICAL_SURFACE('',#4499,4.488628);
#4499 = AXIS2_PLACEMENT_3D('',#4500,#4501,#4502);
#4500 = CARTESIAN_POINT('',(26.491697,29.923071,16.5));
#4501 = DIRECTION('',(0.,0.,1.));
#4502 = DIRECTION('',(1.,0.,0.));
#4503 = ADVANCED_FACE('',(#4504),#4523,.T.);
#4504 = FACE_BOUND('',#4505,.T.);
#4505 = EDGE_LOOP('',(#4506,#4514,#4515,#4516));
#4506 = ORIENTED_EDGE('',*,*,#4507,.T.);
#4507 = EDGE_CURVE('',#4508,#3742,#4510,.T.);
#4508 = VERTEX_POINT('',#4509);
#4509 = CARTESIAN_POINT('',(43.604428487256,25.412331,16.5));
#4510 = LINE('',#4511,#4512);
#4511 = CARTESIAN_POINT('',(43.604428487256,25.412331,16.5));
#4512 = VECTOR('',#4513,1.);
#4513 = DIRECTION('',(-0.,-0.,-1.));
#4514 = ORIENTED_EDGE('',*,*,#3741,.T.);
#4515 = ORIENTED_EDGE('',*,*,#4507,.F.);
#4516 = ORIENTED_EDGE('',*,*,#4517,.F.);
#4517 = EDGE_CURVE('',#4508,#4508,#4518,.T.);
#4518 = CIRCLE('',#4519,6.106534487256);
#4519 = AXIS2_PLACEMENT_3D('',#4520,#4521,#4522);
#4520 = CARTESIAN_POINT('',(37.497894,25.412331,16.5));
#4521 = DIRECTION('',(0.,0.,1.));
#4522 = DIRECTION('',(1.,0.,0.));
#4523 = CYLINDRICAL_SURFACE('',#4524,6.106534487256);
#4524 = AXIS2_PLACEMENT_3D('',#4525,#4526,#4527);
#4525 = CARTESIAN_POINT('',(37.497894,25.412331,16.5));
#4526 = DIRECTION('',(0.,0.,1.));
#4527 = DIRECTION('',(1.,0.,0.));
#4528 = ADVANCED_FACE('',(#4529),#4533,.T.);
#4529 = FACE_BOUND('',#4530,.T.);
#4530 = EDGE_LOOP('',(#4531,#4532));
#4531 = ORIENTED_EDGE('',*,*,#3794,.F.);
#4532 = ORIENTED_EDGE('',*,*,#3775,.T.);
#4533 = PLANE('',#4534);
#4534 = AXIS2_PLACEMENT_3D('',#4535,#4536,#4537);
#4535 = CARTESIAN_POINT('',(0.,0.,16.5));
#4536 = DIRECTION('',(0.,0.,1.));
#4537 = DIRECTION('',(1.,0.,0.));
#4538 = ADVANCED_FACE('',(#4539,#4542),#4553,.T.);
#4539 = FACE_BOUND('',#4540,.T.);
#4540 = EDGE_LOOP('',(#4541));
#4541 = ORIENTED_EDGE('',*,*,#3820,.T.);
#4542 = FACE_BOUND('',#4543,.T.);
#4543 = EDGE_LOOP('',(#4544));
#4544 = ORIENTED_EDGE('',*,*,#4545,.F.);
#4545 = EDGE_CURVE('',#4546,#4546,#4548,.T.);
#4546 = VERTEX_POINT('',#4547);
#4547 = CARTESIAN_POINT('',(-22.100121,30.734001,16.5));
#4548 = CIRCLE('',#4549,0.742889);
#4549 = AXIS2_PLACEMENT_3D('',#4550,#4551,#4552);
#4550 = CARTESIAN_POINT('',(-22.84301,30.734001,16.5));
#4551 = DIRECTION('',(0.,0.,1.));
#4552 = DIRECTION('',(1.,0.,0.));
#4553 = PLANE('',#4554);
#4554 = AXIS2_PLACEMENT_3D('',#4555,#4556,#4557);
#4555 = CARTESIAN_POINT('',(0.,0.,16.5));
#4556 = DIRECTION('',(0.,0.,1.));
#4557 = DIRECTION('',(1.,0.,0.));
#4558 = ADVANCED_FACE('',(#4559,#4562),#4573,.T.);
#4559 = FACE_BOUND('',#4560,.T.);
#4560 = EDGE_LOOP('',(#4561));
#4561 = ORIENTED_EDGE('',*,*,#3845,.T.);
#4562 = FACE_BOUND('',#4563,.T.);
#4563 = EDGE_LOOP('',(#4564));
#4564 = ORIENTED_EDGE('',*,*,#4565,.F.);
#4565 = EDGE_CURVE('',#4566,#4566,#4568,.T.);
#4566 = VERTEX_POINT('',#4567);
#4567 = CARTESIAN_POINT('',(-18.068748,30.914398,16.5));
#4568 = CIRCLE('',#4569,1.19802);
#4569 = AXIS2_PLACEMENT_3D('',#4570,#4571,#4572);
#4570 = CARTESIAN_POINT('',(-19.266768,30.914398,16.5));
#4571 = DIRECTION('',(0.,0.,1.));
#4572 = DIRECTION('',(1.,0.,0.));
#4573 = PLANE('',#4574);
#4574 = AXIS2_PLACEMENT_3D('',#4575,#4576,#4577);
#4575 = CARTESIAN_POINT('',(0.,0.,16.5));
#4576 = DIRECTION('',(0.,0.,1.));
#4577 = DIRECTION('',(1.,0.,0.));
#4578 = ADVANCED_FACE('',(#4579,#4582),#4593,.F.);
#4579 = FACE_BOUND('',#4580,.F.);
#4580 = EDGE_LOOP('',(#4581));
#4581 = ORIENTED_EDGE('',*,*,#3868,.F.);
#4582 = FACE_BOUND('',#4583,.F.);
#4583 = EDGE_LOOP('',(#4584));
#4584 = ORIENTED_EDGE('',*,*,#4585,.T.);
#4585 = EDGE_CURVE('',#4586,#4586,#4588,.T.);
#4586 = VERTEX_POINT('',#4587);
#4587 = CARTESIAN_POINT('',(-44.45,-39.275,14.1));
#4588 = CIRCLE('',#4589,1.45);
#4589 = AXIS2_PLACEMENT_3D('',#4590,#4591,#4592);
#4590 = CARTESIAN_POINT('',(-45.9,-39.275,14.1));
#4591 = DIRECTION('',(0.,0.,-1.));
#4592 = DIRECTION('',(1.,0.,0.));
#4593 = PLANE('',#4594);
#4594 = AXIS2_PLACEMENT_3D('',#4595,#4596,#4597);
#4595 = CARTESIAN_POINT('',(2.327557672408E-15,-2.5E-03,14.1));
#4596 = DIRECTION('',(0.,0.,1.));
#4597 = DIRECTION('',(1.,0.,0.));
#4598 = ADVANCED_FACE('',(#4599,#4602),#4613,.F.);
#4599 = FACE_BOUND('',#4600,.F.);
#4600 = EDGE_LOOP('',(#4601));
#4601 = ORIENTED_EDGE('',*,*,#3893,.F.);
#4602 = FACE_BOUND('',#4603,.F.);
#4603 = EDGE_LOOP('',(#4604));
#4604 = ORIENTED_EDGE('',*,*,#4605,.T.);
#4605 = EDGE_CURVE('',#4606,#4606,#4608,.T.);
#4606 = VERTEX_POINT('',#4607);
#4607 = CARTESIAN_POINT('',(47.35,-39.275,14.1));
#4608 = CIRCLE('',#4609,1.45);
#4609 = AXIS2_PLACEMENT_3D('',#4610,#4611,#4612);
#4610 = CARTESIAN_POINT('',(45.9,-39.275,14.1));
#4611 = DIRECTION('',(0.,0.,-1.));
#4612 = DIRECTION('',(1.,0.,0.));
#4613 = PLANE('',#4614);
#4614 = AXIS2_PLACEMENT_3D('',#4615,#4616,#4617);
#4615 = CARTESIAN_POINT('',(2.327557672408E-15,-2.5E-03,14.1));
#4616 = DIRECTION('',(0.,0.,1.));
#4617 = DIRECTION('',(1.,0.,0.));
#4618 = ADVANCED_FACE('',(#4619,#4622),#4633,.F.);
#4619 = FACE_BOUND('',#4620,.F.);
#4620 = EDGE_LOOP('',(#4621));
#4621 = ORIENTED_EDGE('',*,*,#3918,.F.);
#4622 = FACE_BOUND('',#4623,.F.);
#4623 = EDGE_LOOP('',(#4624));
#4624 = ORIENTED_EDGE('',*,*,#4625,.T.);
#4625 = EDGE_CURVE('',#4626,#4626,#4628,.T.);
#4626 = VERTEX_POINT('',#4627);
#4627 = CARTESIAN_POINT('',(-44.45,39.27,14.1));
#4628 = CIRCLE('',#4629,1.45);
#4629 = AXIS2_PLACEMENT_3D('',#4630,#4631,#4632);
#4630 = CARTESIAN_POINT('',(-45.9,39.27,14.1));
#4631 = DIRECTION('',(0.,0.,-1.));
#4632 = DIRECTION('',(1.,0.,0.));
#4633 = PLANE('',#4634);
#4634 = AXIS2_PLACEMENT_3D('',#4635,#4636,#4637);
#4635 = CARTESIAN_POINT('',(2.327557672408E-15,-2.5E-03,14.1));
#4636 = DIRECTION('',(0.,0.,1.));
#4637 = DIRECTION('',(1.,0.,0.));
#4638 = ADVANCED_FACE('',(#4639,#4642),#4653,.F.);
#4639 = FACE_BOUND('',#4640,.F.);
#4640 = EDGE_LOOP('',(#4641));
#4641 = ORIENTED_EDGE('',*,*,#3943,.F.);
#4642 = FACE_BOUND('',#4643,.F.);
#4643 = EDGE_LOOP('',(#4644));
#4644 = ORIENTED_EDGE('',*,*,#4645,.T.);
#4645 = EDGE_CURVE('',#4646,#4646,#4648,.T.);
#4646 = VERTEX_POINT('',#4647);
#4647 = CARTESIAN_POINT('',(47.35,39.27,14.1));
#4648 = CIRCLE('',#4649,1.45);
#4649 = AXIS2_PLACEMENT_3D('',#4650,#4651,#4652);
#4650 = CARTESIAN_POINT('',(45.9,39.27,14.1));
#4651 = DIRECTION('',(0.,0.,-1.));
#4652 = DIRECTION('',(1.,0.,0.));
#4653 = PLANE('',#4654);
#4654 = AXIS2_PLACEMENT_3D('',#4655,#4656,#4657);
#4655 = CARTESIAN_POINT('',(2.327557672408E-15,-2.5E-03,14.1));
#4656 = DIRECTION('',(0.,0.,1.));
#4657 = DIRECTION('',(1.,0.,0.));
#4658 = ADVANCED_FACE('',(#4659),#4664,.T.);
#4659 = FACE_BOUND('',#4660,.T.);
#4660 = EDGE_LOOP('',(#4661,#4662,#4663));
#4661 = ORIENTED_EDGE('',*,*,#3977,.F.);
#4662 = ORIENTED_EDGE('',*,*,#4018,.F.);
#4663 = ORIENTED_EDGE('',*,*,#4001,.F.);
#4664 = PLANE('',#4665);
#4665 = AXIS2_PLACEMENT_3D('',#4666,#4667,#4668);
#4666 = CARTESIAN_POINT('',(0.,0.,16.5));
#4667 = DIRECTION('',(0.,0.,1.));
#4668 = DIRECTION('',(1.,0.,0.));
#4669 = ADVANCED_FACE('',(#4670),#4682,.T.);
#4670 = FACE_BOUND('',#4671,.T.);
#4671 = EDGE_LOOP('',(#4672,#4679,#4680,#4681));
#4672 = ORIENTED_EDGE('',*,*,#4673,.F.);
#4673 = EDGE_CURVE('',#4451,#4073,#4674,.T.);
#4674 = B_SPLINE_CURVE_WITH_KNOTS('',3,(#4675,#4676,#4677,#4678),
  .UNSPECIFIED.,.F.,.F.,(4,4),(0.,1.),.PIECEWISE_BEZIER_KNOTS.);
#4675 = CARTESIAN_POINT('',(22.80135,23.413176,16.491));
#4676 = CARTESIAN_POINT('',(21.671095,20.408401,16.491));
#4677 = CARTESIAN_POINT('',(36.393318,13.234904,16.491));
#4678 = CARTESIAN_POINT('',(37.895569,16.318644,16.491));
#4679 = ORIENTED_EDGE('',*,*,#4450,.F.);
#4680 = ORIENTED_EDGE('',*,*,#4041,.T.);
#4681 = ORIENTED_EDGE('',*,*,#4072,.T.);
#4682 = PLANE('',#4683);
#4683 = AXIS2_PLACEMENT_3D('',#4684,#4685,#4686);
#4684 = CARTESIAN_POINT('',(29.490375948191,18.057421748906,16.491));
#4685 = DIRECTION('',(0.,0.,1.));
#4686 = DIRECTION('',(1.,0.,0.));
#4687 = ADVANCED_FACE('',(#4688),#4700,.T.);
#4688 = FACE_BOUND('',#4689,.T.);
#4689 = EDGE_LOOP('',(#4690,#4691,#4698,#4699));
#4690 = ORIENTED_EDGE('',*,*,#4466,.F.);
#4691 = ORIENTED_EDGE('',*,*,#4692,.F.);
#4692 = EDGE_CURVE('',#4241,#4459,#4693,.T.);
#4693 = B_SPLINE_CURVE_WITH_KNOTS('',3,(#4694,#4695,#4696,#4697),
  .UNSPECIFIED.,.F.,.F.,(4,4),(0.,1.),.PIECEWISE_BEZIER_KNOTS.);
#4694 = CARTESIAN_POINT('',(22.80135,23.413176,16.491));
#4695 = CARTESIAN_POINT('',(21.671095,20.408401,16.491));
#4696 = CARTESIAN_POINT('',(36.393318,13.234904,16.491));
#4697 = CARTESIAN_POINT('',(37.895569,16.318644,16.491));
#4698 = ORIENTED_EDGE('',*,*,#4250,.T.);
#4699 = ORIENTED_EDGE('',*,*,#4421,.T.);
#4700 = PLANE('',#4701);
#4701 = AXIS2_PLACEMENT_3D('',#4702,#4703,#4704);
#4702 = CARTESIAN_POINT('',(29.490375948191,18.057421748906,16.491));
#4703 = DIRECTION('',(0.,0.,1.));
#4704 = DIRECTION('',(1.,0.,0.));
#4705 = ADVANCED_FACE('',(#4706),#4770,.F.);
#4706 = FACE_BOUND('',#4707,.F.);
#4707 = EDGE_LOOP('',(#4708,#4717,#4725,#4734,#4740,#4741,#4742,#4768,
    #4769));
#4708 = ORIENTED_EDGE('',*,*,#4709,.F.);
#4709 = EDGE_CURVE('',#4710,#4451,#4712,.T.);
#4710 = VERTEX_POINT('',#4711);
#4711 = CARTESIAN_POINT('',(22.80135,23.413176,16.491));
#4712 = B_SPLINE_CURVE_WITH_KNOTS('',3,(#4713,#4714,#4715,#4716),
  .UNSPECIFIED.,.F.,.F.,(4,4),(0.,1.),.PIECEWISE_BEZIER_KNOTS.);
#4713 = CARTESIAN_POINT('',(22.80135,23.413176,16.491));
#4714 = CARTESIAN_POINT('',(21.671095,20.408401,16.491));
#4715 = CARTESIAN_POINT('',(36.393318,13.234904,16.491));
#4716 = CARTESIAN_POINT('',(37.895569,16.318644,16.491));
#4717 = ORIENTED_EDGE('',*,*,#4718,.T.);
#4718 = EDGE_CURVE('',#4710,#4719,#4721,.T.);
#4719 = VERTEX_POINT('',#4720);
#4720 = CARTESIAN_POINT('',(22.80135,23.413176,16.511));
#4721 = LINE('',#4722,#4723);
#4722 = CARTESIAN_POINT('',(22.80135,23.413176,16.491));
#4723 = VECTOR('',#4724,1.);
#4724 = DIRECTION('',(0.,0.,1.));
#4725 = ORIENTED_EDGE('',*,*,#4726,.T.);
#4726 = EDGE_CURVE('',#4719,#4727,#4729,.T.);
#4727 = VERTEX_POINT('',#4728);
#4728 = CARTESIAN_POINT('',(37.895569,16.318644,16.511));
#4729 = B_SPLINE_CURVE_WITH_KNOTS('',3,(#4730,#4731,#4732,#4733),
  .UNSPECIFIED.,.F.,.F.,(4,4),(0.,1.),.PIECEWISE_BEZIER_KNOTS.);
#4730 = CARTESIAN_POINT('',(22.80135,23.413176,16.511));
#4731 = CARTESIAN_POINT('',(21.671095,20.408401,16.511));
#4732 = CARTESIAN_POINT('',(36.393318,13.234904,16.511));
#4733 = CARTESIAN_POINT('',(37.895569,16.318644,16.511));
#4734 = ORIENTED_EDGE('',*,*,#4735,.F.);
#4735 = EDGE_CURVE('',#4459,#4727,#4736,.T.);
#4736 = LINE('',#4737,#4738);
#4737 = CARTESIAN_POINT('',(37.895569,16.318644,16.491));
#4738 = VECTOR('',#4739,1.);
#4739 = DIRECTION('',(0.,0.,1.));
#4740 = ORIENTED_EDGE('',*,*,#4692,.F.);
#4741 = ORIENTED_EDGE('',*,*,#4240,.T.);
#4742 = ORIENTED_EDGE('',*,*,#4743,.T.);
#4743 = EDGE_CURVE('',#4230,#4220,#4744,.T.);
#4744 = B_SPLINE_CURVE_WITH_KNOTS('',8,(#4745,#4746,#4747,#4748,#4749,
    #4750,#4751,#4752,#4753,#4754,#4755,#4756,#4757,#4758,#4759,#4760,
    #4761,#4762,#4763,#4764,#4765,#4766,#4767),.UNSPECIFIED.,.F.,.F.,(9,
    7,7,9),(0.,0.499027606921,0.935400267316,1.),.UNSPECIFIED.);
#4745 = CARTESIAN_POINT('',(29.4142,17.55744992883,16.51));
#4746 = CARTESIAN_POINT('',(29.037322085367,17.736918467367,16.51));
#4747 = CARTESIAN_POINT('',(28.663242086865,17.92219536485,16.51));
#4748 = CARTESIAN_POINT('',(28.29201443923,18.113205938679,16.51));
#4749 = CARTESIAN_POINT('',(27.923765219836,18.309965167872,16.51));
#4750 = CARTESIAN_POINT('',(27.558694590071,18.512579616652,16.51));
#4751 = CARTESIAN_POINT('',(27.197078355234,18.721249616942,16.51));
#4752 = CARTESIAN_POINT('',(26.839288212866,18.936304831719,16.51));
#4753 = CARTESIAN_POINT('',(26.176787879166,19.35243462036,16.51));
#4754 = CARTESIAN_POINT('',(25.871236323972,19.5517606116,16.51));
#4755 = CARTESIAN_POINT('',(25.569381245198,19.756743077719,16.51));
#4756 = CARTESIAN_POINT('',(25.271665232745,19.967923965582,16.51));
#4757 = CARTESIAN_POINT('',(24.978754950269,20.185895477357,16.51));
#4758 = CARTESIAN_POINT('',(24.691736894918,20.411534465807,16.51));
#4759 = CARTESIAN_POINT('',(24.412015758943,20.64588279642,16.51));
#4760 = CARTESIAN_POINT('',(24.102223150604,20.927557178964,16.51));
#4761 = CARTESIAN_POINT('',(24.062494913067,20.96411764929,16.51));
#4762 = CARTESIAN_POINT('',(24.022994696603,21.000923623031,16.51));
#4763 = CARTESIAN_POINT('',(23.983732412206,21.037982158546,16.51));
#4764 = CARTESIAN_POINT('',(23.94471897357,21.075300797465,16.51));
#4765 = CARTESIAN_POINT('',(23.905966297086,21.112887564688,16.51));
#4766 = CARTESIAN_POINT('',(23.867487301847,21.150750968386,16.51));
#4767 = CARTESIAN_POINT('',(23.829295909647,21.1889,16.51));
#4768 = ORIENTED_EDGE('',*,*,#4219,.T.);
#4769 = ORIENTED_EDGE('',*,*,#4673,.F.);
#4770 = SURFACE_OF_LINEAR_EXTRUSION('',#4771,#4776);
#4771 = B_SPLINE_CURVE_WITH_KNOTS('',3,(#4772,#4773,#4774,#4775),
  .UNSPECIFIED.,.F.,.F.,(4,4),(0.,1.),.PIECEWISE_BEZIER_KNOTS.);
#4772 = CARTESIAN_POINT('',(22.80135,23.413176,16.491));
#4773 = CARTESIAN_POINT('',(21.671095,20.408401,16.491));
#4774 = CARTESIAN_POINT('',(36.393318,13.234904,16.491));
#4775 = CARTESIAN_POINT('',(37.895569,16.318644,16.491));
#4776 = VECTOR('',#4777,1.);
#4777 = DIRECTION('',(-0.,-0.,-1.));
#4778 = ADVANCED_FACE('',(#4779),#4783,.T.);
#4779 = FACE_BOUND('',#4780,.T.);
#4780 = EDGE_LOOP('',(#4781,#4782));
#4781 = ORIENTED_EDGE('',*,*,#4743,.T.);
#4782 = ORIENTED_EDGE('',*,*,#4229,.T.);
#4783 = PLANE('',#4784);
#4784 = AXIS2_PLACEMENT_3D('',#4785,#4786,#4787);
#4785 = CARTESIAN_POINT('',(25.75395952115,17.409018516099,16.51));
#4786 = DIRECTION('',(0.,0.,1.));
#4787 = DIRECTION('',(1.,0.,0.));
#4788 = ADVANCED_FACE('',(#4789),#4798,.F.);
#4789 = FACE_BOUND('',#4790,.F.);
#4790 = EDGE_LOOP('',(#4791,#4796,#4797));
#4791 = ORIENTED_EDGE('',*,*,#4792,.T.);
#4792 = EDGE_CURVE('',#4459,#4710,#4793,.T.);
#4793 = B_SPLINE_CURVE_WITH_KNOTS('',1,(#4794,#4795),.UNSPECIFIED.,.F.,
  .F.,(2,2),(0.,1.),.PIECEWISE_BEZIER_KNOTS.);
#4794 = CARTESIAN_POINT('',(37.895569,16.318644,16.491));
#4795 = CARTESIAN_POINT('',(22.80135,23.413176,16.491));
#4796 = ORIENTED_EDGE('',*,*,#4709,.T.);
#4797 = ORIENTED_EDGE('',*,*,#4458,.T.);
#4798 = PLANE('',#4799);
#4799 = AXIS2_PLACEMENT_3D('',#4800,#4801,#4802);
#4800 = CARTESIAN_POINT('',(30.00459708988,19.115804440149,16.491));
#4801 = DIRECTION('',(0.,0.,1.));
#4802 = DIRECTION('',(1.,0.,0.));
#4803 = ADVANCED_FACE('',(#4804,#4807),#4818,.T.);
#4804 = FACE_BOUND('',#4805,.T.);
#4805 = EDGE_LOOP('',(#4806));
#4806 = ORIENTED_EDGE('',*,*,#4492,.T.);
#4807 = FACE_BOUND('',#4808,.T.);
#4808 = EDGE_LOOP('',(#4809));
#4809 = ORIENTED_EDGE('',*,*,#4810,.F.);
#4810 = EDGE_CURVE('',#4811,#4811,#4813,.T.);
#4811 = VERTEX_POINT('',#4812);
#4812 = CARTESIAN_POINT('',(26.882488,29.080587,16.5));
#4813 = CIRCLE('',#4814,2.089884);
#4814 = AXIS2_PLACEMENT_3D('',#4815,#4816,#4817);
#4815 = CARTESIAN_POINT('',(24.792604,29.080587,16.5));
#4816 = DIRECTION('',(0.,0.,1.));
#4817 = DIRECTION('',(1.,0.,0.));
#4818 = PLANE('',#4819);
#4819 = AXIS2_PLACEMENT_3D('',#4820,#4821,#4822);
#4820 = CARTESIAN_POINT('',(0.,0.,16.5));
#4821 = DIRECTION('',(0.,0.,1.));
#4822 = DIRECTION('',(1.,0.,0.));
#4823 = ADVANCED_FACE('',(#4824,#4827),#4838,.T.);
#4824 = FACE_BOUND('',#4825,.T.);
#4825 = EDGE_LOOP('',(#4826));
#4826 = ORIENTED_EDGE('',*,*,#4517,.T.);
#4827 = FACE_BOUND('',#4828,.T.);
#4828 = EDGE_LOOP('',(#4829));
#4829 = ORIENTED_EDGE('',*,*,#4830,.F.);
#4830 = EDGE_CURVE('',#4831,#4831,#4833,.T.);
#4831 = VERTEX_POINT('',#4832);
#4832 = CARTESIAN_POINT('',(42.771065804614,26.968306,16.5));
#4833 = CIRCLE('',#4834,2.504780804614);
#4834 = AXIS2_PLACEMENT_3D('',#4835,#4836,#4837);
#4835 = CARTESIAN_POINT('',(40.266285,26.968306,16.5));
#4836 = DIRECTION('',(0.,0.,1.));
#4837 = DIRECTION('',(1.,0.,0.));
#4838 = PLANE('',#4839);
#4839 = AXIS2_PLACEMENT_3D('',#4840,#4841,#4842);
#4840 = CARTESIAN_POINT('',(0.,0.,16.5));
#4841 = DIRECTION('',(0.,0.,1.));
#4842 = DIRECTION('',(1.,0.,0.));
#4843 = ADVANCED_FACE('',(#4844),#4863,.F.);
#4844 = FACE_BOUND('',#4845,.F.);
#4845 = EDGE_LOOP('',(#4846,#4854,#4861,#4862));
#4846 = ORIENTED_EDGE('',*,*,#4847,.T.);
#4847 = EDGE_CURVE('',#4546,#4848,#4850,.T.);
#4848 = VERTEX_POINT('',#4849);
#4849 = CARTESIAN_POINT('',(-22.100121,30.734001,16.49));
#4850 = LINE('',#4851,#4852);
#4851 = CARTESIAN_POINT('',(-22.100121,30.734001,16.5));
#4852 = VECTOR('',#4853,1.);
#4853 = DIRECTION('',(-0.,-0.,-1.));
#4854 = ORIENTED_EDGE('',*,*,#4855,.T.);
#4855 = EDGE_CURVE('',#4848,#4848,#4856,.T.);
#4856 = CIRCLE('',#4857,0.742889);
#4857 = AXIS2_PLACEMENT_3D('',#4858,#4859,#4860);
#4858 = CARTESIAN_POINT('',(-22.84301,30.734001,16.49));
#4859 = DIRECTION('',(0.,0.,1.));
#4860 = DIRECTION('',(1.,0.,0.));
#4861 = ORIENTED_EDGE('',*,*,#4847,.F.);
#4862 = ORIENTED_EDGE('',*,*,#4545,.F.);
#4863 = CYLINDRICAL_SURFACE('',#4864,0.742889);
#4864 = AXIS2_PLACEMENT_3D('',#4865,#4866,#4867);
#4865 = CARTESIAN_POINT('',(-22.84301,30.734001,16.5));
#4866 = DIRECTION('',(0.,0.,1.));
#4867 = DIRECTION('',(1.,0.,0.));
#4868 = ADVANCED_FACE('',(#4869),#4888,.F.);
#4869 = FACE_BOUND('',#4870,.F.);
#4870 = EDGE_LOOP('',(#4871,#4879,#4886,#4887));
#4871 = ORIENTED_EDGE('',*,*,#4872,.T.);
#4872 = EDGE_CURVE('',#4566,#4873,#4875,.T.);
#4873 = VERTEX_POINT('',#4874);
#4874 = CARTESIAN_POINT('',(-18.068748,30.914398,16.49));
#4875 = LINE('',#4876,#4877);
#4876 = CARTESIAN_POINT('',(-18.068748,30.914398,16.5));
#4877 = VECTOR('',#4878,1.);
#4878 = DIRECTION('',(-0.,-0.,-1.));
#4879 = ORIENTED_EDGE('',*,*,#4880,.T.);
#4880 = EDGE_CURVE('',#4873,#4873,#4881,.T.);
#4881 = CIRCLE('',#4882,1.19802);
#4882 = AXIS2_PLACEMENT_3D('',#4883,#4884,#4885);
#4883 = CARTESIAN_POINT('',(-19.266768,30.914398,16.49));
#4884 = DIRECTION('',(0.,0.,1.));
#4885 = DIRECTION('',(1.,0.,0.));
#4886 = ORIENTED_EDGE('',*,*,#4872,.F.);
#4887 = ORIENTED_EDGE('',*,*,#4565,.F.);
#4888 = CYLINDRICAL_SURFACE('',#4889,1.19802);
#4889 = AXIS2_PLACEMENT_3D('',#4890,#4891,#4892);
#4890 = CARTESIAN_POINT('',(-19.266768,30.914398,16.5));
#4891 = DIRECTION('',(0.,0.,1.));
#4892 = DIRECTION('',(1.,0.,0.));
#4893 = ADVANCED_FACE('',(#4894),#4913,.F.);
#4894 = FACE_BOUND('',#4895,.F.);
#4895 = EDGE_LOOP('',(#4896,#4904,#4911,#4912));
#4896 = ORIENTED_EDGE('',*,*,#4897,.T.);
#4897 = EDGE_CURVE('',#4586,#4898,#4900,.T.);
#4898 = VERTEX_POINT('',#4899);
#4899 = CARTESIAN_POINT('',(-44.45,-39.275,15.1));
#4900 = LINE('',#4901,#4902);
#4901 = CARTESIAN_POINT('',(-44.45,-39.275,14.1));
#4902 = VECTOR('',#4903,1.);
#4903 = DIRECTION('',(0.,0.,1.));
#4904 = ORIENTED_EDGE('',*,*,#4905,.T.);
#4905 = EDGE_CURVE('',#4898,#4898,#4906,.T.);
#4906 = CIRCLE('',#4907,1.45);
#4907 = AXIS2_PLACEMENT_3D('',#4908,#4909,#4910);
#4908 = CARTESIAN_POINT('',(-45.9,-39.275,15.1));
#4909 = DIRECTION('',(0.,0.,-1.));
#4910 = DIRECTION('',(1.,0.,0.));
#4911 = ORIENTED_EDGE('',*,*,#4897,.F.);
#4912 = ORIENTED_EDGE('',*,*,#4585,.F.);
#4913 = CYLINDRICAL_SURFACE('',#4914,1.45);
#4914 = AXIS2_PLACEMENT_3D('',#4915,#4916,#4917);
#4915 = CARTESIAN_POINT('',(-45.9,-39.275,14.1));
#4916 = DIRECTION('',(0.,0.,-1.));
#4917 = DIRECTION('',(1.,0.,0.));
#4918 = ADVANCED_FACE('',(#4919),#4938,.F.);
#4919 = FACE_BOUND('',#4920,.F.);
#4920 = EDGE_LOOP('',(#4921,#4929,#4936,#4937));
#4921 = ORIENTED_EDGE('',*,*,#4922,.T.);
#4922 = EDGE_CURVE('',#4606,#4923,#4925,.T.);
#4923 = VERTEX_POINT('',#4924);
#4924 = CARTESIAN_POINT('',(47.35,-39.275,15.1));
#4925 = LINE('',#4926,#4927);
#4926 = CARTESIAN_POINT('',(47.35,-39.275,14.1));
#4927 = VECTOR('',#4928,1.);
#4928 = DIRECTION('',(0.,0.,1.));
#4929 = ORIENTED_EDGE('',*,*,#4930,.T.);
#4930 = EDGE_CURVE('',#4923,#4923,#4931,.T.);
#4931 = CIRCLE('',#4932,1.45);
#4932 = AXIS2_PLACEMENT_3D('',#4933,#4934,#4935);
#4933 = CARTESIAN_POINT('',(45.9,-39.275,15.1));
#4934 = DIRECTION('',(0.,0.,-1.));
#4935 = DIRECTION('',(1.,0.,0.));
#4936 = ORIENTED_EDGE('',*,*,#4922,.F.);
#4937 = ORIENTED_EDGE('',*,*,#4605,.F.);
#4938 = CYLINDRICAL_SURFACE('',#4939,1.45);
#4939 = AXIS2_PLACEMENT_3D('',#4940,#4941,#4942);
#4940 = CARTESIAN_POINT('',(45.9,-39.275,14.1));
#4941 = DIRECTION('',(0.,0.,-1.));
#4942 = DIRECTION('',(1.,0.,0.));
#4943 = ADVANCED_FACE('',(#4944),#4963,.F.);
#4944 = FACE_BOUND('',#4945,.F.);
#4945 = EDGE_LOOP('',(#4946,#4954,#4961,#4962));
#4946 = ORIENTED_EDGE('',*,*,#4947,.T.);
#4947 = EDGE_CURVE('',#4626,#4948,#4950,.T.);
#4948 = VERTEX_POINT('',#4949);
#4949 = CARTESIAN_POINT('',(-44.45,39.27,15.1));
#4950 = LINE('',#4951,#4952);
#4951 = CARTESIAN_POINT('',(-44.45,39.27,14.1));
#4952 = VECTOR('',#4953,1.);
#4953 = DIRECTION('',(0.,0.,1.));
#4954 = ORIENTED_EDGE('',*,*,#4955,.T.);
#4955 = EDGE_CURVE('',#4948,#4948,#4956,.T.);
#4956 = CIRCLE('',#4957,1.45);
#4957 = AXIS2_PLACEMENT_3D('',#4958,#4959,#4960);
#4958 = CARTESIAN_POINT('',(-45.9,39.27,15.1));
#4959 = DIRECTION('',(0.,0.,-1.));
#4960 = DIRECTION('',(1.,0.,0.));
#4961 = ORIENTED_EDGE('',*,*,#4947,.F.);
#4962 = ORIENTED_EDGE('',*,*,#4625,.F.);
#4963 = CYLINDRICAL_SURFACE('',#4964,1.45);
#4964 = AXIS2_PLACEMENT_3D('',#4965,#4966,#4967);
#4965 = CARTESIAN_POINT('',(-45.9,39.27,14.1));
#4966 = DIRECTION('',(0.,0.,-1.));
#4967 = DIRECTION('',(1.,0.,0.));
#4968 = ADVANCED_FACE('',(#4969),#4988,.F.);
#4969 = FACE_BOUND('',#4970,.F.);
#4970 = EDGE_LOOP('',(#4971,#4979,#4986,#4987));
#4971 = ORIENTED_EDGE('',*,*,#4972,.T.);
#4972 = EDGE_CURVE('',#4646,#4973,#4975,.T.);
#4973 = VERTEX_POINT('',#4974);
#4974 = CARTESIAN_POINT('',(47.35,39.27,15.1));
#4975 = LINE('',#4976,#4977);
#4976 = CARTESIAN_POINT('',(47.35,39.27,14.1));
#4977 = VECTOR('',#4978,1.);
#4978 = DIRECTION('',(0.,0.,1.));
#4979 = ORIENTED_EDGE('',*,*,#4980,.T.);
#4980 = EDGE_CURVE('',#4973,#4973,#4981,.T.);
#4981 = CIRCLE('',#4982,1.45);
#4982 = AXIS2_PLACEMENT_3D('',#4983,#4984,#4985);
#4983 = CARTESIAN_POINT('',(45.9,39.27,15.1));
#4984 = DIRECTION('',(0.,0.,-1.));
#4985 = DIRECTION('',(1.,0.,0.));
#4986 = ORIENTED_EDGE('',*,*,#4972,.F.);
#4987 = ORIENTED_EDGE('',*,*,#4645,.F.);
#4988 = CYLINDRICAL_SURFACE('',#4989,1.45);
#4989 = AXIS2_PLACEMENT_3D('',#4990,#4991,#4992);
#4990 = CARTESIAN_POINT('',(45.9,39.27,14.1));
#4991 = DIRECTION('',(0.,0.,-1.));
#4992 = DIRECTION('',(1.,0.,0.));
#4993 = ADVANCED_FACE('',(#4994),#5004,.F.);
#4994 = FACE_BOUND('',#4995,.F.);
#4995 = EDGE_LOOP('',(#4996,#4997,#5002,#5003));
#4996 = ORIENTED_EDGE('',*,*,#4735,.T.);
#4997 = ORIENTED_EDGE('',*,*,#4998,.T.);
#4998 = EDGE_CURVE('',#4727,#4719,#4999,.T.);
#4999 = B_SPLINE_CURVE_WITH_KNOTS('',1,(#5000,#5001),.UNSPECIFIED.,.F.,
  .F.,(2,2),(0.,1.),.PIECEWISE_BEZIER_KNOTS.);
#5000 = CARTESIAN_POINT('',(37.895569,16.318644,16.511));
#5001 = CARTESIAN_POINT('',(22.80135,23.413176,16.511));
#5002 = ORIENTED_EDGE('',*,*,#4718,.F.);
#5003 = ORIENTED_EDGE('',*,*,#4792,.F.);
#5004 = SURFACE_OF_LINEAR_EXTRUSION('',#5005,#5008);
#5005 = B_SPLINE_CURVE_WITH_KNOTS('',1,(#5006,#5007),.UNSPECIFIED.,.F.,
  .F.,(2,2),(0.,1.),.PIECEWISE_BEZIER_KNOTS.);
#5006 = CARTESIAN_POINT('',(37.895569,16.318644,16.491));
#5007 = CARTESIAN_POINT('',(22.80135,23.413176,16.491));
#5008 = VECTOR('',#5009,1.);
#5009 = DIRECTION('',(-0.,-0.,-1.));
#5010 = ADVANCED_FACE('',(#5011),#5015,.T.);
#5011 = FACE_BOUND('',#5012,.T.);
#5012 = EDGE_LOOP('',(#5013,#5014));
#5013 = ORIENTED_EDGE('',*,*,#4726,.T.);
#5014 = ORIENTED_EDGE('',*,*,#4998,.T.);
#5015 = PLANE('',#5016);
#5016 = AXIS2_PLACEMENT_3D('',#5017,#5018,#5019);
#5017 = CARTESIAN_POINT('',(30.00459708988,19.115804440149,16.511));
#5018 = DIRECTION('',(0.,0.,1.));
#5019 = DIRECTION('',(1.,0.,0.));
#5020 = ADVANCED_FACE('',(#5021),#5040,.F.);
#5021 = FACE_BOUND('',#5022,.F.);
#5022 = EDGE_LOOP('',(#5023,#5031,#5038,#5039));
#5023 = ORIENTED_EDGE('',*,*,#5024,.T.);
#5024 = EDGE_CURVE('',#4811,#5025,#5027,.T.);
#5025 = VERTEX_POINT('',#5026);
#5026 = CARTESIAN_POINT('',(26.882488,29.080587,16.49));
#5027 = LINE('',#5028,#5029);
#5028 = CARTESIAN_POINT('',(26.882488,29.080587,16.5));
#5029 = VECTOR('',#5030,1.);
#5030 = DIRECTION('',(-0.,-0.,-1.));
#5031 = ORIENTED_EDGE('',*,*,#5032,.T.);
#5032 = EDGE_CURVE('',#5025,#5025,#5033,.T.);
#5033 = CIRCLE('',#5034,2.089884);
#5034 = AXIS2_PLACEMENT_3D('',#5035,#5036,#5037);
#5035 = CARTESIAN_POINT('',(24.792604,29.080587,16.49));
#5036 = DIRECTION('',(0.,0.,1.));
#5037 = DIRECTION('',(1.,0.,0.));
#5038 = ORIENTED_EDGE('',*,*,#5024,.F.);
#5039 = ORIENTED_EDGE('',*,*,#4810,.F.);
#5040 = CYLINDRICAL_SURFACE('',#5041,2.089884);
#5041 = AXIS2_PLACEMENT_3D('',#5042,#5043,#5044);
#5042 = CARTESIAN_POINT('',(24.792604,29.080587,16.5));
#5043 = DIRECTION('',(0.,0.,1.));
#5044 = DIRECTION('',(1.,0.,0.));
#5045 = ADVANCED_FACE('',(#5046),#5065,.F.);
#5046 = FACE_BOUND('',#5047,.F.);
#5047 = EDGE_LOOP('',(#5048,#5056,#5063,#5064));
#5048 = ORIENTED_EDGE('',*,*,#5049,.T.);
#5049 = EDGE_CURVE('',#4831,#5050,#5052,.T.);
#5050 = VERTEX_POINT('',#5051);
#5051 = CARTESIAN_POINT('',(42.771065804614,26.968306,16.49));
#5052 = LINE('',#5053,#5054);
#5053 = CARTESIAN_POINT('',(42.771065804614,26.968306,16.5));
#5054 = VECTOR('',#5055,1.);
#5055 = DIRECTION('',(-0.,-0.,-1.));
#5056 = ORIENTED_EDGE('',*,*,#5057,.T.);
#5057 = EDGE_CURVE('',#5050,#5050,#5058,.T.);
#5058 = CIRCLE('',#5059,2.504780804614);
#5059 = AXIS2_PLACEMENT_3D('',#5060,#5061,#5062);
#5060 = CARTESIAN_POINT('',(40.266285,26.968306,16.49));
#5061 = DIRECTION('',(0.,0.,1.));
#5062 = DIRECTION('',(1.,0.,0.));
#5063 = ORIENTED_EDGE('',*,*,#5049,.F.);
#5064 = ORIENTED_EDGE('',*,*,#4830,.F.);
#5065 = CYLINDRICAL_SURFACE('',#5066,2.504780804614);
#5066 = AXIS2_PLACEMENT_3D('',#5067,#5068,#5069);
#5067 = CARTESIAN_POINT('',(40.266285,26.968306,16.5));
#5068 = DIRECTION('',(0.,0.,1.));
#5069 = DIRECTION('',(1.,0.,0.));
#5070 = ADVANCED_FACE('',(#5071),#5074,.T.);
#5071 = FACE_BOUND('',#5072,.T.);
#5072 = EDGE_LOOP('',(#5073));
#5073 = ORIENTED_EDGE('',*,*,#4855,.T.);
#5074 = PLANE('',#5075);
#5075 = AXIS2_PLACEMENT_3D('',#5076,#5077,#5078);
#5076 = CARTESIAN_POINT('',(-20.63558582872,30.845350483124,16.49));
#5077 = DIRECTION('',(0.,0.,1.));
#5078 = DIRECTION('',(1.,0.,0.));
#5079 = ADVANCED_FACE('',(#5080),#5083,.T.);
#5080 = FACE_BOUND('',#5081,.T.);
#5081 = EDGE_LOOP('',(#5082));
#5082 = ORIENTED_EDGE('',*,*,#4880,.T.);
#5083 = PLANE('',#5084);
#5084 = AXIS2_PLACEMENT_3D('',#5085,#5086,#5087);
#5085 = CARTESIAN_POINT('',(-20.63558582872,30.845350483124,16.49));
#5086 = DIRECTION('',(0.,0.,1.));
#5087 = DIRECTION('',(1.,0.,0.));
#5088 = ADVANCED_FACE('',(#5089),#5092,.F.);
#5089 = FACE_BOUND('',#5090,.T.);
#5090 = EDGE_LOOP('',(#5091));
#5091 = ORIENTED_EDGE('',*,*,#4905,.T.);
#5092 = PLANE('',#5093);
#5093 = AXIS2_PLACEMENT_3D('',#5094,#5095,#5096);
#5094 = CARTESIAN_POINT('',(3.300717561302E-15,-2.499999999998E-03,15.1)
  );
#5095 = DIRECTION('',(0.,0.,1.));
#5096 = DIRECTION('',(1.,0.,0.));
#5097 = ADVANCED_FACE('',(#5098),#5101,.F.);
#5098 = FACE_BOUND('',#5099,.T.);
#5099 = EDGE_LOOP('',(#5100));
#5100 = ORIENTED_EDGE('',*,*,#4930,.T.);
#5101 = PLANE('',#5102);
#5102 = AXIS2_PLACEMENT_3D('',#5103,#5104,#5105);
#5103 = CARTESIAN_POINT('',(3.300717561302E-15,-2.499999999998E-03,15.1)
  );
#5104 = DIRECTION('',(0.,0.,1.));
#5105 = DIRECTION('',(1.,0.,0.));
#5106 = ADVANCED_FACE('',(#5107),#5110,.F.);
#5107 = FACE_BOUND('',#5108,.T.);
#5108 = EDGE_LOOP('',(#5109));
#5109 = ORIENTED_EDGE('',*,*,#4955,.T.);
#5110 = PLANE('',#5111);
#5111 = AXIS2_PLACEMENT_3D('',#5112,#5113,#5114);
#5112 = CARTESIAN_POINT('',(3.300717561302E-15,-2.499999999998E-03,15.1)
  );
#5113 = DIRECTION('',(0.,0.,1.));
#5114 = DIRECTION('',(1.,0.,0.));
#5115 = ADVANCED_FACE('',(#5116),#5119,.F.);
#5116 = FACE_BOUND('',#5117,.T.);
#5117 = EDGE_LOOP('',(#5118));
#5118 = ORIENTED_EDGE('',*,*,#4980,.T.);
#5119 = PLANE('',#5120);
#5120 = AXIS2_PLACEMENT_3D('',#5121,#5122,#5123);
#5121 = CARTESIAN_POINT('',(3.300717561302E-15,-2.499999999998E-03,15.1)
  );
#5122 = DIRECTION('',(0.,0.,1.));
#5123 = DIRECTION('',(1.,0.,0.));
#5124 = ADVANCED_FACE('',(#5125),#5128,.T.);
#5125 = FACE_BOUND('',#5126,.T.);
#5126 = EDGE_LOOP('',(#5127));
#5127 = ORIENTED_EDGE('',*,*,#5032,.T.);
#5128 = PLANE('',#5129);
#5129 = AXIS2_PLACEMENT_3D('',#5130,#5131,#5132);
#5130 = CARTESIAN_POINT('',(33.228078793853,27.929077340919,16.49));
#5131 = DIRECTION('',(0.,0.,1.));
#5132 = DIRECTION('',(1.,0.,0.));
#5133 = ADVANCED_FACE('',(#5134),#5137,.T.);
#5134 = FACE_BOUND('',#5135,.T.);
#5135 = EDGE_LOOP('',(#5136));
#5136 = ORIENTED_EDGE('',*,*,#5057,.T.);
#5137 = PLANE('',#5138);
#5138 = AXIS2_PLACEMENT_3D('',#5139,#5140,#5141);
#5139 = CARTESIAN_POINT('',(33.228078793853,27.929077340919,16.49));
#5140 = DIRECTION('',(0.,0.,1.));
#5141 = DIRECTION('',(1.,0.,0.));
#5142 = ( GEOMETRIC_REPRESENTATION_CONTEXT(3) 
GLOBAL_UNCERTAINTY_ASSIGNED_CONTEXT((#5146)) 
GLOBAL_UNIT_ASSIGNED_CONTEXT((#5143,#5144,#5145)) REPRESENTATION_CONTEXT
('Context #1','3D Context with UNIT and UNCERTAINTY') );
#5143 = ( LENGTH_UNIT() NAMED_UNIT(*) SI_UNIT(.MILLI.,.METRE.) );
#5144 = ( NAMED_UNIT(*) PLANE_ANGLE_UNIT() SI_UNIT($,.RADIAN.) );
#5145 = ( NAMED_UNIT(*) SI_UNIT($,.STERADIAN.) SOLID_ANGLE_UNIT() );
#5146 = UNCERTAINTY_MEASURE_WITH_UNIT(LENGTH_MEASURE(1.E-03),#5143,
  'distance_accuracy_value','confusion accuracy');
#5147 = PRODUCT_RELATED_PRODUCT_CATEGORY('part',$,(#7));
#5148 = MECHANICAL_DESIGN_GEOMETRIC_PRESENTATION_REPRESENTATION('',(
    #5149),#5142);
#5149 = STYLED_ITEM('color',(#5150),#15);
#5150 = PRESENTATION_STYLE_ASSIGNMENT((#5151,#5157));
#5151 = SURFACE_STYLE_USAGE(.BOTH.,#5152);
#5152 = SURFACE_SIDE_STYLE('',(#5153));
#5153 = SURFACE_STYLE_FILL_AREA(#5154);
#5154 = FILL_AREA_STYLE('',(#5155));
#5155 = FILL_AREA_STYLE_COLOUR('',#5156);
#5156 = COLOUR_RGB('',0.447058818107,0.474509808674,0.501960817233);
#5157 = CURVE_STYLE('',#5158,POSITIVE_LENGTH_MEASURE(0.1),#5159);
#5158 = DRAUGHTING_PRE_DEFINED_CURVE_FONT('continuous');
#5159 = COLOUR_RGB('',9.803921802644E-02,9.803921802644E-02,
  9.803921802644E-02);
ENDSEC;
END-ISO-10303-21;
